# .PCD v0.7 - Point Cloud Data file format
VERSION 0.7
FIELDS x y z
SIZE 4 4 4
TYPE F F F
COUNT 1 1 1
WIDTH 5348
HEIGHT 1
VIEWPOINT 0 0 0 1 0 0 0
POINTS 5348
DATA ascii
-10.0000 0.5000 0.0000
-10.0000 0.5000 0.5000
-10.0000 0.5000 1.0000
-10.0000 0.5000 1.5000
-10.0000 0.5000 2.0000
-10.0000 0.5000 2.5000
-10.0000 0.5000 3.0000
-10.0000 1.0000 0.0000
-10.0000 1.0000 0.5000
-10.0000 1.0000 1.0000
-10.0000 1.0000 1.5000
-10.0000 1.0000 2.0000
-10.0000 1.0000 2.5000
-10.0000 1.0000 3.0000
-9.8000 0.5000 0.0000
-9.8000 0.5000 0.5000
-9.8000 0.5000 1.0000
-9.8000 0.5000 1.5000
-9.8000 0.5000 2.0000
-9.8000 0.5000 2.5000
-9.8000 0.5000 3.0000
-9.8000 1.0000 0.0000
-9.8000 1.0000 0.5000
-9.8000 1.0000 1.0000
-9.8000 1.0000 1.5000
-9.8000 1.0000 2.0000
-9.8000 1.0000 2.5000
-9.8000 1.0000 3.0000
-9.6000 0.5000 0.0000
-9.6000 0.5000 0.5000
-9.6000 0.5000 1.0000
-9.6000 0.5000 1.5000
-9.6000 0.5000 2.0000
-9.6000 0.5000 2.5000
-9.6000 0.5000 3.0000
-9.6000 1.0000 0.0000
-9.6000 1.0000 0.5000
-9.6000 1.0000 1.0000
-9.6000 1.0000 1.5000
-9.6000 1.0000 2.0000
-9.6000 1.0000 2.5000
-9.6000 1.0000 3.0000
-9.4000 0.5000 0.0000
-9.4000 0.5000 0.5000
-9.4000 0.5000 1.0000
-9.4000 0.5000 1.5000
-9.4000 0.5000 2.0000
-9.4000 0.5000 2.5000
-9.4000 0.5000 3.0000
-9.4000 1.0000 0.0000
-9.4000 1.0000 0.5000
-9.4000 1.0000 1.0000
-9.4000 1.0000 1.5000
-9.4000 1.0000 2.0000
-9.4000 1.0000 2.5000
-9.4000 1.0000 3.0000
-9.2000 0.5000 0.0000
-9.2000 0.5000 0.5000
-9.2000 0.5000 1.0000
-9.2000 0.5000 1.5000
-9.2000 0.5000 2.0000
-9.2000 0.5000 2.5000
-9.2000 0.5000 3.0000
-9.2000 1.0000 0.0000
-9.2000 1.0000 0.5000
-9.2000 1.0000 1.0000
-9.2000 1.0000 1.5000
-9.2000 1.0000 2.0000
-9.2000 1.0000 2.5000
-9.2000 1.0000 3.0000
-9.0000 0.5000 0.0000
-9.0000 0.5000 0.5000
-9.0000 0.5000 1.0000
-9.0000 0.5000 1.5000
-9.0000 0.5000 2.0000
-9.0000 0.5000 2.5000
-9.0000 0.5000 3.0000
-9.0000 1.0000 0.0000
-9.0000 1.0000 0.5000
-9.0000 1.0000 1.0000
-9.0000 1.0000 1.5000
-9.0000 1.0000 2.0000
-9.0000 1.0000 2.5000
-9.0000 1.0000 3.0000
-8.8000 0.5000 0.0000
-8.8000 0.5000 0.5000
-8.8000 0.5000 1.0000
-8.8000 0.5000 1.5000
-8.8000 0.5000 2.0000
-8.8000 0.5000 2.5000
-8.8000 0.5000 3.0000
-8.8000 1.0000 0.0000
-8.8000 1.0000 0.5000
-8.8000 1.0000 1.0000
-8.8000 1.0000 1.5000
-8.8000 1.0000 2.0000
-8.8000 1.0000 2.5000
-8.8000 1.0000 3.0000
-8.6000 0.5000 0.0000
-8.6000 0.5000 0.5000
-8.6000 0.5000 1.0000
-8.6000 0.5000 1.5000
-8.6000 0.5000 2.0000
-8.6000 0.5000 2.5000
-8.6000 0.5000 3.0000
-8.6000 1.0000 0.0000
-8.6000 1.0000 0.5000
-8.6000 1.0000 1.0000
-8.6000 1.0000 1.5000
-8.6000 1.0000 2.0000
-8.6000 1.0000 2.5000
-8.6000 1.0000 3.0000
-8.4000 0.5000 0.0000
-8.4000 0.5000 0.5000
-8.4000 0.5000 1.0000
-8.4000 0.5000 1.5000
-8.4000 0.5000 2.0000
-8.4000 0.5000 2.5000
-8.4000 0.5000 3.0000
-8.4000 1.0000 0.0000
-8.4000 1.0000 0.5000
-8.4000 1.0000 1.0000
-8.4000 1.0000 1.5000
-8.4000 1.0000 2.0000
-8.4000 1.0000 2.5000
-8.4000 1.0000 3.0000
-8.2000 0.5000 0.0000
-8.2000 0.5000 0.5000
-8.2000 0.5000 1.0000
-8.2000 0.5000 1.5000
-8.2000 0.5000 2.0000
-8.2000 0.5000 2.5000
-8.2000 0.5000 3.0000
-8.2000 1.0000 0.0000
-8.2000 1.0000 0.5000
-8.2000 1.0000 1.0000
-8.2000 1.0000 1.5000
-8.2000 1.0000 2.0000
-8.2000 1.0000 2.5000
-8.2000 1.0000 3.0000
-8.0000 0.5000 0.0000
-8.0000 0.5000 0.5000
-8.0000 0.5000 1.0000
-8.0000 0.5000 1.5000
-8.0000 0.5000 2.0000
-8.0000 0.5000 2.5000
-8.0000 0.5000 3.0000
-8.0000 1.0000 0.0000
-8.0000 1.0000 0.5000
-8.0000 1.0000 1.0000
-8.0000 1.0000 1.5000
-8.0000 1.0000 2.0000
-8.0000 1.0000 2.5000
-8.0000 1.0000 3.0000
-7.8000 0.5000 0.0000
-7.8000 0.5000 0.5000
-7.8000 0.5000 1.0000
-7.8000 0.5000 1.5000
-7.8000 0.5000 2.0000
-7.8000 0.5000 2.5000
-7.8000 0.5000 3.0000
-7.8000 1.0000 0.0000
-7.8000 1.0000 0.5000
-7.8000 1.0000 1.0000
-7.8000 1.0000 1.5000
-7.8000 1.0000 2.0000
-7.8000 1.0000 2.5000
-7.8000 1.0000 3.0000
-7.6000 0.5000 0.0000
-7.6000 0.5000 0.5000
-7.6000 0.5000 1.0000
-7.6000 0.5000 1.5000
-7.6000 0.5000 2.0000
-7.6000 0.5000 2.5000
-7.6000 0.5000 3.0000
-7.6000 1.0000 0.0000
-7.6000 1.0000 0.5000
-7.6000 1.0000 1.0000
-7.6000 1.0000 1.5000
-7.6000 1.0000 2.0000
-7.6000 1.0000 2.5000
-7.6000 1.0000 3.0000
-7.4000 0.5000 0.0000
-7.4000 0.5000 0.5000
-7.4000 0.5000 1.0000
-7.4000 0.5000 1.5000
-7.4000 0.5000 2.0000
-7.4000 0.5000 2.5000
-7.4000 0.5000 3.0000
-7.4000 1.0000 0.0000
-7.4000 1.0000 0.5000
-7.4000 1.0000 1.0000
-7.4000 1.0000 1.5000
-7.4000 1.0000 2.0000
-7.4000 1.0000 2.5000
-7.4000 1.0000 3.0000
-7.2000 0.5000 0.0000
-7.2000 0.5000 0.5000
-7.2000 0.5000 1.0000
-7.2000 0.5000 1.5000
-7.2000 0.5000 2.0000
-7.2000 0.5000 2.5000
-7.2000 0.5000 3.0000
-7.2000 1.0000 0.0000
-7.2000 1.0000 0.5000
-7.2000 1.0000 1.0000
-7.2000 1.0000 1.5000
-7.2000 1.0000 2.0000
-7.2000 1.0000 2.5000
-7.2000 1.0000 3.0000
-7.0000 0.5000 0.0000
-7.0000 0.5000 0.5000
-7.0000 0.5000 1.0000
-7.0000 0.5000 1.5000
-7.0000 0.5000 2.0000
-7.0000 0.5000 2.5000
-7.0000 0.5000 3.0000
-7.0000 1.0000 0.0000
-7.0000 1.0000 0.5000
-7.0000 1.0000 1.0000
-7.0000 1.0000 1.5000
-7.0000 1.0000 2.0000
-7.0000 1.0000 2.5000
-7.0000 1.0000 3.0000
-6.8000 0.5000 0.0000
-6.8000 0.5000 0.5000
-6.8000 0.5000 1.0000
-6.8000 0.5000 1.5000
-6.8000 0.5000 2.0000
-6.8000 0.5000 2.5000
-6.8000 0.5000 3.0000
-6.8000 1.0000 0.0000
-6.8000 1.0000 0.5000
-6.8000 1.0000 1.0000
-6.8000 1.0000 1.5000
-6.8000 1.0000 2.0000
-6.8000 1.0000 2.5000
-6.8000 1.0000 3.0000
-6.6000 0.5000 0.0000
-6.6000 0.5000 0.5000
-6.6000 0.5000 1.0000
-6.6000 0.5000 1.5000
-6.6000 0.5000 2.0000
-6.6000 0.5000 2.5000
-6.6000 0.5000 3.0000
-6.6000 1.0000 0.0000
-6.6000 1.0000 0.5000
-6.6000 1.0000 1.0000
-6.6000 1.0000 1.5000
-6.6000 1.0000 2.0000
-6.6000 1.0000 2.5000
-6.6000 1.0000 3.0000
-6.4000 0.5000 0.0000
-6.4000 0.5000 0.5000
-6.4000 0.5000 1.0000
-6.4000 0.5000 1.5000
-6.4000 0.5000 2.0000
-6.4000 0.5000 2.5000
-6.4000 0.5000 3.0000
-6.4000 1.0000 0.0000
-6.4000 1.0000 0.5000
-6.4000 1.0000 1.0000
-6.4000 1.0000 1.5000
-6.4000 1.0000 2.0000
-6.4000 1.0000 2.5000
-6.4000 1.0000 3.0000
-6.2000 0.5000 0.0000
-6.2000 0.5000 0.5000
-6.2000 0.5000 1.0000
-6.2000 0.5000 1.5000
-6.2000 0.5000 2.0000
-6.2000 0.5000 2.5000
-6.2000 0.5000 3.0000
-6.2000 1.0000 0.0000
-6.2000 1.0000 0.5000
-6.2000 1.0000 1.0000
-6.2000 1.0000 1.5000
-6.2000 1.0000 2.0000
-6.2000 1.0000 2.5000
-6.2000 1.0000 3.0000
-6.0000 0.5000 0.0000
-6.0000 0.5000 0.5000
-6.0000 0.5000 1.0000
-6.0000 0.5000 1.5000
-6.0000 0.5000 2.0000
-6.0000 0.5000 2.5000
-6.0000 0.5000 3.0000
-6.0000 1.0000 0.0000
-6.0000 1.0000 0.5000
-6.0000 1.0000 1.0000
-6.0000 1.0000 1.5000
-6.0000 1.0000 2.0000
-6.0000 1.0000 2.5000
-6.0000 1.0000 3.0000
-5.8000 0.5000 0.0000
-5.8000 0.5000 0.5000
-5.8000 0.5000 1.0000
-5.8000 0.5000 1.5000
-5.8000 0.5000 2.0000
-5.8000 0.5000 2.5000
-5.8000 0.5000 3.0000
-5.8000 1.0000 0.0000
-5.8000 1.0000 0.5000
-5.8000 1.0000 1.0000
-5.8000 1.0000 1.5000
-5.8000 1.0000 2.0000
-5.8000 1.0000 2.5000
-5.8000 1.0000 3.0000
-5.6000 0.5000 0.0000
-5.6000 0.5000 0.5000
-5.6000 0.5000 1.0000
-5.6000 0.5000 1.5000
-5.6000 0.5000 2.0000
-5.6000 0.5000 2.5000
-5.6000 0.5000 3.0000
-5.6000 1.0000 0.0000
-5.6000 1.0000 0.5000
-5.6000 1.0000 1.0000
-5.6000 1.0000 1.5000
-5.6000 1.0000 2.0000
-5.6000 1.0000 2.5000
-5.6000 1.0000 3.0000
-5.4000 0.5000 0.0000
-5.4000 0.5000 0.5000
-5.4000 0.5000 1.0000
-5.4000 0.5000 1.5000
-5.4000 0.5000 2.0000
-5.4000 0.5000 2.5000
-5.4000 0.5000 3.0000
-5.4000 1.0000 0.0000
-5.4000 1.0000 0.5000
-5.4000 1.0000 1.0000
-5.4000 1.0000 1.5000
-5.4000 1.0000 2.0000
-5.4000 1.0000 2.5000
-5.4000 1.0000 3.0000
-5.2000 0.5000 0.0000
-5.2000 0.5000 0.5000
-5.2000 0.5000 1.0000
-5.2000 0.5000 1.5000
-5.2000 0.5000 2.0000
-5.2000 0.5000 2.5000
-5.2000 0.5000 3.0000
-5.2000 1.0000 0.0000
-5.2000 1.0000 0.5000
-5.2000 1.0000 1.0000
-5.2000 1.0000 1.5000
-5.2000 1.0000 2.0000
-5.2000 1.0000 2.5000
-5.2000 1.0000 3.0000
-5.0000 0.5000 0.0000
-5.0000 0.5000 0.5000
-5.0000 0.5000 1.0000
-5.0000 0.5000 1.5000
-5.0000 0.5000 2.0000
-5.0000 0.5000 2.5000
-5.0000 0.5000 3.0000
-5.0000 1.0000 0.0000
-5.0000 1.0000 0.5000
-5.0000 1.0000 1.0000
-5.0000 1.0000 1.5000
-5.0000 1.0000 2.0000
-5.0000 1.0000 2.5000
-5.0000 1.0000 3.0000
-4.8000 0.5000 0.0000
-4.8000 0.5000 0.5000
-4.8000 0.5000 1.0000
-4.8000 0.5000 1.5000
-4.8000 0.5000 2.0000
-4.8000 0.5000 2.5000
-4.8000 0.5000 3.0000
-4.8000 1.0000 0.0000
-4.8000 1.0000 0.5000
-4.8000 1.0000 1.0000
-4.8000 1.0000 1.5000
-4.8000 1.0000 2.0000
-4.8000 1.0000 2.5000
-4.8000 1.0000 3.0000
-4.6000 0.5000 0.0000
-4.6000 0.5000 0.5000
-4.6000 0.5000 1.0000
-4.6000 0.5000 1.5000
-4.6000 0.5000 2.0000
-4.6000 0.5000 2.5000
-4.6000 0.5000 3.0000
-4.6000 1.0000 0.0000
-4.6000 1.0000 0.5000
-4.6000 1.0000 1.0000
-4.6000 1.0000 1.5000
-4.6000 1.0000 2.0000
-4.6000 1.0000 2.5000
-4.6000 1.0000 3.0000
-4.4000 0.5000 0.0000
-4.4000 0.5000 0.5000
-4.4000 0.5000 1.0000
-4.4000 0.5000 1.5000
-4.4000 0.5000 2.0000
-4.4000 0.5000 2.5000
-4.4000 0.5000 3.0000
-4.4000 1.0000 0.0000
-4.4000 1.0000 0.5000
-4.4000 1.0000 1.0000
-4.4000 1.0000 1.5000
-4.4000 1.0000 2.0000
-4.4000 1.0000 2.5000
-4.4000 1.0000 3.0000
-4.2000 0.5000 0.0000
-4.2000 0.5000 0.5000
-4.2000 0.5000 1.0000
-4.2000 0.5000 1.5000
-4.2000 0.5000 2.0000
-4.2000 0.5000 2.5000
-4.2000 0.5000 3.0000
-4.2000 1.0000 0.0000
-4.2000 1.0000 0.5000
-4.2000 1.0000 1.0000
-4.2000 1.0000 1.5000
-4.2000 1.0000 2.0000
-4.2000 1.0000 2.5000
-4.2000 1.0000 3.0000
-4.0000 0.5000 0.0000
-4.0000 0.5000 0.5000
-4.0000 0.5000 1.0000
-4.0000 0.5000 1.5000
-4.0000 0.5000 2.0000
-4.0000 0.5000 2.5000
-4.0000 0.5000 3.0000
-4.0000 1.0000 0.0000
-4.0000 1.0000 0.5000
-4.0000 1.0000 1.0000
-4.0000 1.0000 1.5000
-4.0000 1.0000 2.0000
-4.0000 1.0000 2.5000
-4.0000 1.0000 3.0000
-3.8000 0.5000 0.0000
-3.8000 0.5000 0.5000
-3.8000 0.5000 1.0000
-3.8000 0.5000 1.5000
-3.8000 0.5000 2.0000
-3.8000 0.5000 2.5000
-3.8000 0.5000 3.0000
-3.8000 1.0000 0.0000
-3.8000 1.0000 0.5000
-3.8000 1.0000 1.0000
-3.8000 1.0000 1.5000
-3.8000 1.0000 2.0000
-3.8000 1.0000 2.5000
-3.8000 1.0000 3.0000
-3.6000 0.5000 0.0000
-3.6000 0.5000 0.5000
-3.6000 0.5000 1.0000
-3.6000 0.5000 1.5000
-3.6000 0.5000 2.0000
-3.6000 0.5000 2.5000
-3.6000 0.5000 3.0000
-3.6000 1.0000 0.0000
-3.6000 1.0000 0.5000
-3.6000 1.0000 1.0000
-3.6000 1.0000 1.5000
-3.6000 1.0000 2.0000
-3.6000 1.0000 2.5000
-3.6000 1.0000 3.0000
-3.4000 0.5000 0.0000
-3.4000 0.5000 0.5000
-3.4000 0.5000 1.0000
-3.4000 0.5000 1.5000
-3.4000 0.5000 2.0000
-3.4000 0.5000 2.5000
-3.4000 0.5000 3.0000
-3.4000 1.0000 0.0000
-3.4000 1.0000 0.5000
-3.4000 1.0000 1.0000
-3.4000 1.0000 1.5000
-3.4000 1.0000 2.0000
-3.4000 1.0000 2.5000
-3.4000 1.0000 3.0000
-3.2000 0.5000 0.0000
-3.2000 0.5000 0.5000
-3.2000 0.5000 1.0000
-3.2000 0.5000 1.5000
-3.2000 0.5000 2.0000
-3.2000 0.5000 2.5000
-3.2000 0.5000 3.0000
-3.2000 1.0000 0.0000
-3.2000 1.0000 0.5000
-3.2000 1.0000 1.0000
-3.2000 1.0000 1.5000
-3.2000 1.0000 2.0000
-3.2000 1.0000 2.5000
-3.2000 1.0000 3.0000
-3.0000 0.5000 0.0000
-3.0000 0.5000 0.5000
-3.0000 0.5000 1.0000
-3.0000 0.5000 1.5000
-3.0000 0.5000 2.0000
-3.0000 0.5000 2.5000
-3.0000 0.5000 3.0000
-3.0000 1.0000 0.0000
-3.0000 1.0000 0.5000
-3.0000 1.0000 1.0000
-3.0000 1.0000 1.5000
-3.0000 1.0000 2.0000
-3.0000 1.0000 2.5000
-3.0000 1.0000 3.0000
-2.8000 0.5000 0.0000
-2.8000 0.5000 0.5000
-2.8000 0.5000 1.0000
-2.8000 0.5000 1.5000
-2.8000 0.5000 2.0000
-2.8000 0.5000 2.5000
-2.8000 0.5000 3.0000
-2.8000 1.0000 0.0000
-2.8000 1.0000 0.5000
-2.8000 1.0000 1.0000
-2.8000 1.0000 1.5000
-2.8000 1.0000 2.0000
-2.8000 1.0000 2.5000
-2.8000 1.0000 3.0000
-2.6000 0.5000 0.0000
-2.6000 0.5000 0.5000
-2.6000 0.5000 1.0000
-2.6000 0.5000 1.5000
-2.6000 0.5000 2.0000
-2.6000 0.5000 2.5000
-2.6000 0.5000 3.0000
-2.6000 1.0000 0.0000
-2.6000 1.0000 0.5000
-2.6000 1.0000 1.0000
-2.6000 1.0000 1.5000
-2.6000 1.0000 2.0000
-2.6000 1.0000 2.5000
-2.6000 1.0000 3.0000
-2.4000 0.5000 0.0000
-2.4000 0.5000 0.5000
-2.4000 0.5000 1.0000
-2.4000 0.5000 1.5000
-2.4000 0.5000 2.0000
-2.4000 0.5000 2.5000
-2.4000 0.5000 3.0000
-2.4000 1.0000 0.0000
-2.4000 1.0000 0.5000
-2.4000 1.0000 1.0000
-2.4000 1.0000 1.5000
-2.4000 1.0000 2.0000
-2.4000 1.0000 2.5000
-2.4000 1.0000 3.0000
-2.2000 0.5000 0.0000
-2.2000 0.5000 0.5000
-2.2000 0.5000 1.0000
-2.2000 0.5000 1.5000
-2.2000 0.5000 2.0000
-2.2000 0.5000 2.5000
-2.2000 0.5000 3.0000
-2.2000 1.0000 0.0000
-2.2000 1.0000 0.5000
-2.2000 1.0000 1.0000
-2.2000 1.0000 1.5000
-2.2000 1.0000 2.0000
-2.2000 1.0000 2.5000
-2.2000 1.0000 3.0000
-2.0000 0.5000 0.0000
-2.0000 0.5000 0.5000
-2.0000 0.5000 1.0000
-2.0000 0.5000 1.5000
-2.0000 0.5000 2.0000
-2.0000 0.5000 2.5000
-2.0000 0.5000 3.0000
-2.0000 1.0000 0.0000
-2.0000 1.0000 0.5000
-2.0000 1.0000 1.0000
-2.0000 1.0000 1.5000
-2.0000 1.0000 2.0000
-2.0000 1.0000 2.5000
-2.0000 1.0000 3.0000
-1.8000 0.5000 0.0000
-1.8000 0.5000 0.5000
-1.8000 0.5000 1.0000
-1.8000 0.5000 1.5000
-1.8000 0.5000 2.0000
-1.8000 0.5000 2.5000
-1.8000 0.5000 3.0000
-1.8000 1.0000 0.0000
-1.8000 1.0000 0.5000
-1.8000 1.0000 1.0000
-1.8000 1.0000 1.5000
-1.8000 1.0000 2.0000
-1.8000 1.0000 2.5000
-1.8000 1.0000 3.0000
-1.6000 0.5000 0.0000
-1.6000 0.5000 0.5000
-1.6000 0.5000 1.0000
-1.6000 0.5000 1.5000
-1.6000 0.5000 2.0000
-1.6000 0.5000 2.5000
-1.6000 0.5000 3.0000
-1.6000 1.0000 0.0000
-1.6000 1.0000 0.5000
-1.6000 1.0000 1.0000
-1.6000 1.0000 1.5000
-1.6000 1.0000 2.0000
-1.6000 1.0000 2.5000
-1.6000 1.0000 3.0000
-1.4000 0.5000 0.0000
-1.4000 0.5000 0.5000
-1.4000 0.5000 1.0000
-1.4000 0.5000 1.5000
-1.4000 0.5000 2.0000
-1.4000 0.5000 2.5000
-1.4000 0.5000 3.0000
-1.4000 1.0000 0.0000
-1.4000 1.0000 0.5000
-1.4000 1.0000 1.0000
-1.4000 1.0000 1.5000
-1.4000 1.0000 2.0000
-1.4000 1.0000 2.5000
-1.4000 1.0000 3.0000
-1.2000 0.5000 0.0000
-1.2000 0.5000 0.5000
-1.2000 0.5000 1.0000
-1.2000 0.5000 1.5000
-1.2000 0.5000 2.0000
-1.2000 0.5000 2.5000
-1.2000 0.5000 3.0000
-1.2000 1.0000 0.0000
-1.2000 1.0000 0.5000
-1.2000 1.0000 1.0000
-1.2000 1.0000 1.5000
-1.2000 1.0000 2.0000
-1.2000 1.0000 2.5000
-1.2000 1.0000 3.0000
-1.0000 0.5000 0.0000
-1.0000 0.5000 0.5000
-1.0000 0.5000 1.0000
-1.0000 0.5000 1.5000
-1.0000 0.5000 2.0000
-1.0000 0.5000 2.5000
-1.0000 0.5000 3.0000
-1.0000 1.0000 0.0000
-1.0000 1.0000 0.5000
-1.0000 1.0000 1.0000
-1.0000 1.0000 1.5000
-1.0000 1.0000 2.0000
-1.0000 1.0000 2.5000
-1.0000 1.0000 3.0000
-0.8000 0.5000 0.0000
-0.8000 0.5000 0.5000
-0.8000 0.5000 1.0000
-0.8000 0.5000 1.5000
-0.8000 0.5000 2.0000
-0.8000 0.5000 2.5000
-0.8000 0.5000 3.0000
-0.8000 1.0000 0.0000
-0.8000 1.0000 0.5000
-0.8000 1.0000 1.0000
-0.8000 1.0000 1.5000
-0.8000 1.0000 2.0000
-0.8000 1.0000 2.5000
-0.8000 1.0000 3.0000
-0.6000 0.5000 0.0000
-0.6000 0.5000 0.5000
-0.6000 0.5000 1.0000
-0.6000 0.5000 1.5000
-0.6000 0.5000 2.0000
-0.6000 0.5000 2.5000
-0.6000 0.5000 3.0000
-0.6000 1.0000 0.0000
-0.6000 1.0000 0.5000
-0.6000 1.0000 1.0000
-0.6000 1.0000 1.5000
-0.6000 1.0000 2.0000
-0.6000 1.0000 2.5000
-0.6000 1.0000 3.0000
-0.4000 0.5000 0.0000
-0.4000 0.5000 0.5000
-0.4000 0.5000 1.0000
-0.4000 0.5000 1.5000
-0.4000 0.5000 2.0000
-0.4000 0.5000 2.5000
-0.4000 0.5000 3.0000
-0.4000 1.0000 0.0000
-0.4000 1.0000 0.5000
-0.4000 1.0000 1.0000
-0.4000 1.0000 1.5000
-0.4000 1.0000 2.0000
-0.4000 1.0000 2.5000
-0.4000 1.0000 3.0000
-0.2000 0.5000 0.0000
-0.2000 0.5000 0.5000
-0.2000 0.5000 1.0000
-0.2000 0.5000 1.5000
-0.2000 0.5000 2.0000
-0.2000 0.5000 2.5000
-0.2000 0.5000 3.0000
-0.2000 1.0000 0.0000
-0.2000 1.0000 0.5000
-0.2000 1.0000 1.0000
-0.2000 1.0000 1.5000
-0.2000 1.0000 2.0000
-0.2000 1.0000 2.5000
-0.2000 1.0000 3.0000
-0.0000 0.5000 0.0000
-0.0000 0.5000 0.5000
-0.0000 0.5000 1.0000
-0.0000 0.5000 1.5000
-0.0000 0.5000 2.0000
-0.0000 0.5000 2.5000
-0.0000 0.5000 3.0000
-0.0000 1.0000 0.0000
-0.0000 1.0000 0.5000
-0.0000 1.0000 1.0000
-0.0000 1.0000 1.5000
-0.0000 1.0000 2.0000
-0.0000 1.0000 2.5000
-0.0000 1.0000 3.0000
0.2000 0.5000 0.0000
0.2000 0.5000 0.5000
0.2000 0.5000 1.0000
0.2000 0.5000 1.5000
0.2000 0.5000 2.0000
0.2000 0.5000 2.5000
0.2000 0.5000 3.0000
0.2000 1.0000 0.0000
0.2000 1.0000 0.5000
0.2000 1.0000 1.0000
0.2000 1.0000 1.5000
0.2000 1.0000 2.0000
0.2000 1.0000 2.5000
0.2000 1.0000 3.0000
0.4000 0.5000 0.0000
0.4000 0.5000 0.5000
0.4000 0.5000 1.0000
0.4000 0.5000 1.5000
0.4000 0.5000 2.0000
0.4000 0.5000 2.5000
0.4000 0.5000 3.0000
0.4000 1.0000 0.0000
0.4000 1.0000 0.5000
0.4000 1.0000 1.0000
0.4000 1.0000 1.5000
0.4000 1.0000 2.0000
0.4000 1.0000 2.5000
0.4000 1.0000 3.0000
0.6000 0.5000 0.0000
0.6000 0.5000 0.5000
0.6000 0.5000 1.0000
0.6000 0.5000 1.5000
0.6000 0.5000 2.0000
0.6000 0.5000 2.5000
0.6000 0.5000 3.0000
0.6000 1.0000 0.0000
0.6000 1.0000 0.5000
0.6000 1.0000 1.0000
0.6000 1.0000 1.5000
0.6000 1.0000 2.0000
0.6000 1.0000 2.5000
0.6000 1.0000 3.0000
0.8000 0.5000 0.0000
0.8000 0.5000 0.5000
0.8000 0.5000 1.0000
0.8000 0.5000 1.5000
0.8000 0.5000 2.0000
0.8000 0.5000 2.5000
0.8000 0.5000 3.0000
0.8000 1.0000 0.0000
0.8000 1.0000 0.5000
0.8000 1.0000 1.0000
0.8000 1.0000 1.5000
0.8000 1.0000 2.0000
0.8000 1.0000 2.5000
0.8000 1.0000 3.0000
1.0000 0.5000 0.0000
1.0000 0.5000 0.5000
1.0000 0.5000 1.0000
1.0000 0.5000 1.5000
1.0000 0.5000 2.0000
1.0000 0.5000 2.5000
1.0000 0.5000 3.0000
1.0000 1.0000 0.0000
1.0000 1.0000 0.5000
1.0000 1.0000 1.0000
1.0000 1.0000 1.5000
1.0000 1.0000 2.0000
1.0000 1.0000 2.5000
1.0000 1.0000 3.0000
1.2000 0.5000 0.0000
1.2000 0.5000 0.5000
1.2000 0.5000 1.0000
1.2000 0.5000 1.5000
1.2000 0.5000 2.0000
1.2000 0.5000 2.5000
1.2000 0.5000 3.0000
1.2000 1.0000 0.0000
1.2000 1.0000 0.5000
1.2000 1.0000 1.0000
1.2000 1.0000 1.5000
1.2000 1.0000 2.0000
1.2000 1.0000 2.5000
1.2000 1.0000 3.0000
1.4000 0.5000 0.0000
1.4000 0.5000 0.5000
1.4000 0.5000 1.0000
1.4000 0.5000 1.5000
1.4000 0.5000 2.0000
1.4000 0.5000 2.5000
1.4000 0.5000 3.0000
1.4000 1.0000 0.0000
1.4000 1.0000 0.5000
1.4000 1.0000 1.0000
1.4000 1.0000 1.5000
1.4000 1.0000 2.0000
1.4000 1.0000 2.5000
1.4000 1.0000 3.0000
1.6000 0.5000 0.0000
1.6000 0.5000 0.5000
1.6000 0.5000 1.0000
1.6000 0.5000 1.5000
1.6000 0.5000 2.0000
1.6000 0.5000 2.5000
1.6000 0.5000 3.0000
1.6000 1.0000 0.0000
1.6000 1.0000 0.5000
1.6000 1.0000 1.0000
1.6000 1.0000 1.5000
1.6000 1.0000 2.0000
1.6000 1.0000 2.5000
1.6000 1.0000 3.0000
1.8000 0.5000 0.0000
1.8000 0.5000 0.5000
1.8000 0.5000 1.0000
1.8000 0.5000 1.5000
1.8000 0.5000 2.0000
1.8000 0.5000 2.5000
1.8000 0.5000 3.0000
1.8000 1.0000 0.0000
1.8000 1.0000 0.5000
1.8000 1.0000 1.0000
1.8000 1.0000 1.5000
1.8000 1.0000 2.0000
1.8000 1.0000 2.5000
1.8000 1.0000 3.0000
2.0000 0.5000 0.0000
2.0000 0.5000 0.5000
2.0000 0.5000 1.0000
2.0000 0.5000 1.5000
2.0000 0.5000 2.0000
2.0000 0.5000 2.5000
2.0000 0.5000 3.0000
2.0000 1.0000 0.0000
2.0000 1.0000 0.5000
2.0000 1.0000 1.0000
2.0000 1.0000 1.5000
2.0000 1.0000 2.0000
2.0000 1.0000 2.5000
2.0000 1.0000 3.0000
2.2000 0.5000 0.0000
2.2000 0.5000 0.5000
2.2000 0.5000 1.0000
2.2000 0.5000 1.5000
2.2000 0.5000 2.0000
2.2000 0.5000 2.5000
2.2000 0.5000 3.0000
2.2000 1.0000 0.0000
2.2000 1.0000 0.5000
2.2000 1.0000 1.0000
2.2000 1.0000 1.5000
2.2000 1.0000 2.0000
2.2000 1.0000 2.5000
2.2000 1.0000 3.0000
2.4000 0.5000 0.0000
2.4000 0.5000 0.5000
2.4000 0.5000 1.0000
2.4000 0.5000 1.5000
2.4000 0.5000 2.0000
2.4000 0.5000 2.5000
2.4000 0.5000 3.0000
2.4000 1.0000 0.0000
2.4000 1.0000 0.5000
2.4000 1.0000 1.0000
2.4000 1.0000 1.5000
2.4000 1.0000 2.0000
2.4000 1.0000 2.5000
2.4000 1.0000 3.0000
2.6000 0.5000 0.0000
2.6000 0.5000 0.5000
2.6000 0.5000 1.0000
2.6000 0.5000 1.5000
2.6000 0.5000 2.0000
2.6000 0.5000 2.5000
2.6000 0.5000 3.0000
2.6000 1.0000 0.0000
2.6000 1.0000 0.5000
2.6000 1.0000 1.0000
2.6000 1.0000 1.5000
2.6000 1.0000 2.0000
2.6000 1.0000 2.5000
2.6000 1.0000 3.0000
2.8000 0.5000 0.0000
2.8000 0.5000 0.5000
2.8000 0.5000 1.0000
2.8000 0.5000 1.5000
2.8000 0.5000 2.0000
2.8000 0.5000 2.5000
2.8000 0.5000 3.0000
2.8000 1.0000 0.0000
2.8000 1.0000 0.5000
2.8000 1.0000 1.0000
2.8000 1.0000 1.5000
2.8000 1.0000 2.0000
2.8000 1.0000 2.5000
2.8000 1.0000 3.0000
3.0000 0.5000 0.0000
3.0000 0.5000 0.5000
3.0000 0.5000 1.0000
3.0000 0.5000 1.5000
3.0000 0.5000 2.0000
3.0000 0.5000 2.5000
3.0000 0.5000 3.0000
3.0000 1.0000 0.0000
3.0000 1.0000 0.5000
3.0000 1.0000 1.0000
3.0000 1.0000 1.5000
3.0000 1.0000 2.0000
3.0000 1.0000 2.5000
3.0000 1.0000 3.0000
3.2000 0.5000 0.0000
3.2000 0.5000 0.5000
3.2000 0.5000 1.0000
3.2000 0.5000 1.5000
3.2000 0.5000 2.0000
3.2000 0.5000 2.5000
3.2000 0.5000 3.0000
3.2000 1.0000 0.0000
3.2000 1.0000 0.5000
3.2000 1.0000 1.0000
3.2000 1.0000 1.5000
3.2000 1.0000 2.0000
3.2000 1.0000 2.5000
3.2000 1.0000 3.0000
3.4000 0.5000 0.0000
3.4000 0.5000 0.5000
3.4000 0.5000 1.0000
3.4000 0.5000 1.5000
3.4000 0.5000 2.0000
3.4000 0.5000 2.5000
3.4000 0.5000 3.0000
3.4000 1.0000 0.0000
3.4000 1.0000 0.5000
3.4000 1.0000 1.0000
3.4000 1.0000 1.5000
3.4000 1.0000 2.0000
3.4000 1.0000 2.5000
3.4000 1.0000 3.0000
3.6000 0.5000 0.0000
3.6000 0.5000 0.5000
3.6000 0.5000 1.0000
3.6000 0.5000 1.5000
3.6000 0.5000 2.0000
3.6000 0.5000 2.5000
3.6000 0.5000 3.0000
3.6000 1.0000 0.0000
3.6000 1.0000 0.5000
3.6000 1.0000 1.0000
3.6000 1.0000 1.5000
3.6000 1.0000 2.0000
3.6000 1.0000 2.5000
3.6000 1.0000 3.0000
3.8000 0.5000 0.0000
3.8000 0.5000 0.5000
3.8000 0.5000 1.0000
3.8000 0.5000 1.5000
3.8000 0.5000 2.0000
3.8000 0.5000 2.5000
3.8000 0.5000 3.0000
3.8000 1.0000 0.0000
3.8000 1.0000 0.5000
3.8000 1.0000 1.0000
3.8000 1.0000 1.5000
3.8000 1.0000 2.0000
3.8000 1.0000 2.5000
3.8000 1.0000 3.0000
4.0000 0.5000 0.0000
4.0000 0.5000 0.5000
4.0000 0.5000 1.0000
4.0000 0.5000 1.5000
4.0000 0.5000 2.0000
4.0000 0.5000 2.5000
4.0000 0.5000 3.0000
4.0000 1.0000 0.0000
4.0000 1.0000 0.5000
4.0000 1.0000 1.0000
4.0000 1.0000 1.5000
4.0000 1.0000 2.0000
4.0000 1.0000 2.5000
4.0000 1.0000 3.0000
4.2000 0.5000 0.0000
4.2000 0.5000 0.5000
4.2000 0.5000 1.0000
4.2000 0.5000 1.5000
4.2000 0.5000 2.0000
4.2000 0.5000 2.5000
4.2000 0.5000 3.0000
4.2000 1.0000 0.0000
4.2000 1.0000 0.5000
4.2000 1.0000 1.0000
4.2000 1.0000 1.5000
4.2000 1.0000 2.0000
4.2000 1.0000 2.5000
4.2000 1.0000 3.0000
4.4000 0.5000 0.0000
4.4000 0.5000 0.5000
4.4000 0.5000 1.0000
4.4000 0.5000 1.5000
4.4000 0.5000 2.0000
4.4000 0.5000 2.5000
4.4000 0.5000 3.0000
4.4000 1.0000 0.0000
4.4000 1.0000 0.5000
4.4000 1.0000 1.0000
4.4000 1.0000 1.5000
4.4000 1.0000 2.0000
4.4000 1.0000 2.5000
4.4000 1.0000 3.0000
4.6000 0.5000 0.0000
4.6000 0.5000 0.5000
4.6000 0.5000 1.0000
4.6000 0.5000 1.5000
4.6000 0.5000 2.0000
4.6000 0.5000 2.5000
4.6000 0.5000 3.0000
4.6000 1.0000 0.0000
4.6000 1.0000 0.5000
4.6000 1.0000 1.0000
4.6000 1.0000 1.5000
4.6000 1.0000 2.0000
4.6000 1.0000 2.5000
4.6000 1.0000 3.0000
4.8000 0.5000 0.0000
4.8000 0.5000 0.5000
4.8000 0.5000 1.0000
4.8000 0.5000 1.5000
4.8000 0.5000 2.0000
4.8000 0.5000 2.5000
4.8000 0.5000 3.0000
4.8000 1.0000 0.0000
4.8000 1.0000 0.5000
4.8000 1.0000 1.0000
4.8000 1.0000 1.5000
4.8000 1.0000 2.0000
4.8000 1.0000 2.5000
4.8000 1.0000 3.0000
5.0000 0.5000 0.0000
5.0000 0.5000 0.5000
5.0000 0.5000 1.0000
5.0000 0.5000 1.5000
5.0000 0.5000 2.0000
5.0000 0.5000 2.5000
5.0000 0.5000 3.0000
5.0000 1.0000 0.0000
5.0000 1.0000 0.5000
5.0000 1.0000 1.0000
5.0000 1.0000 1.5000
5.0000 1.0000 2.0000
5.0000 1.0000 2.5000
5.0000 1.0000 3.0000
5.2000 0.5000 0.0000
5.2000 0.5000 0.5000
5.2000 0.5000 1.0000
5.2000 0.5000 1.5000
5.2000 0.5000 2.0000
5.2000 0.5000 2.5000
5.2000 0.5000 3.0000
5.2000 1.0000 0.0000
5.2000 1.0000 0.5000
5.2000 1.0000 1.0000
5.2000 1.0000 1.5000
5.2000 1.0000 2.0000
5.2000 1.0000 2.5000
5.2000 1.0000 3.0000
5.4000 0.5000 0.0000
5.4000 0.5000 0.5000
5.4000 0.5000 1.0000
5.4000 0.5000 1.5000
5.4000 0.5000 2.0000
5.4000 0.5000 2.5000
5.4000 0.5000 3.0000
5.4000 1.0000 0.0000
5.4000 1.0000 0.5000
5.4000 1.0000 1.0000
5.4000 1.0000 1.5000
5.4000 1.0000 2.0000
5.4000 1.0000 2.5000
5.4000 1.0000 3.0000
5.6000 0.5000 0.0000
5.6000 0.5000 0.5000
5.6000 0.5000 1.0000
5.6000 0.5000 1.5000
5.6000 0.5000 2.0000
5.6000 0.5000 2.5000
5.6000 0.5000 3.0000
5.6000 1.0000 0.0000
5.6000 1.0000 0.5000
5.6000 1.0000 1.0000
5.6000 1.0000 1.5000
5.6000 1.0000 2.0000
5.6000 1.0000 2.5000
5.6000 1.0000 3.0000
5.8000 0.5000 0.0000
5.8000 0.5000 0.5000
5.8000 0.5000 1.0000
5.8000 0.5000 1.5000
5.8000 0.5000 2.0000
5.8000 0.5000 2.5000
5.8000 0.5000 3.0000
5.8000 1.0000 0.0000
5.8000 1.0000 0.5000
5.8000 1.0000 1.0000
5.8000 1.0000 1.5000
5.8000 1.0000 2.0000
5.8000 1.0000 2.5000
5.8000 1.0000 3.0000
6.0000 0.5000 0.0000
6.0000 0.5000 0.5000
6.0000 0.5000 1.0000
6.0000 0.5000 1.5000
6.0000 0.5000 2.0000
6.0000 0.5000 2.5000
6.0000 0.5000 3.0000
6.0000 1.0000 0.0000
6.0000 1.0000 0.5000
6.0000 1.0000 1.0000
6.0000 1.0000 1.5000
6.0000 1.0000 2.0000
6.0000 1.0000 2.5000
6.0000 1.0000 3.0000
6.2000 0.5000 0.0000
6.2000 0.5000 0.5000
6.2000 0.5000 1.0000
6.2000 0.5000 1.5000
6.2000 0.5000 2.0000
6.2000 0.5000 2.5000
6.2000 0.5000 3.0000
6.2000 1.0000 0.0000
6.2000 1.0000 0.5000
6.2000 1.0000 1.0000
6.2000 1.0000 1.5000
6.2000 1.0000 2.0000
6.2000 1.0000 2.5000
6.2000 1.0000 3.0000
6.4000 0.5000 0.0000
6.4000 0.5000 0.5000
6.4000 0.5000 1.0000
6.4000 0.5000 1.5000
6.4000 0.5000 2.0000
6.4000 0.5000 2.5000
6.4000 0.5000 3.0000
6.4000 1.0000 0.0000
6.4000 1.0000 0.5000
6.4000 1.0000 1.0000
6.4000 1.0000 1.5000
6.4000 1.0000 2.0000
6.4000 1.0000 2.5000
6.4000 1.0000 3.0000
6.6000 0.5000 0.0000
6.6000 0.5000 0.5000
6.6000 0.5000 1.0000
6.6000 0.5000 1.5000
6.6000 0.5000 2.0000
6.6000 0.5000 2.5000
6.6000 0.5000 3.0000
6.6000 1.0000 0.0000
6.6000 1.0000 0.5000
6.6000 1.0000 1.0000
6.6000 1.0000 1.5000
6.6000 1.0000 2.0000
6.6000 1.0000 2.5000
6.6000 1.0000 3.0000
6.8000 0.5000 0.0000
6.8000 0.5000 0.5000
6.8000 0.5000 1.0000
6.8000 0.5000 1.5000
6.8000 0.5000 2.0000
6.8000 0.5000 2.5000
6.8000 0.5000 3.0000
6.8000 1.0000 0.0000
6.8000 1.0000 0.5000
6.8000 1.0000 1.0000
6.8000 1.0000 1.5000
6.8000 1.0000 2.0000
6.8000 1.0000 2.5000
6.8000 1.0000 3.0000
7.0000 0.5000 0.0000
7.0000 0.5000 0.5000
7.0000 0.5000 1.0000
7.0000 0.5000 1.5000
7.0000 0.5000 2.0000
7.0000 0.5000 2.5000
7.0000 0.5000 3.0000
7.0000 1.0000 0.0000
7.0000 1.0000 0.5000
7.0000 1.0000 1.0000
7.0000 1.0000 1.5000
7.0000 1.0000 2.0000
7.0000 1.0000 2.5000
7.0000 1.0000 3.0000
7.2000 0.5000 0.0000
7.2000 0.5000 0.5000
7.2000 0.5000 1.0000
7.2000 0.5000 1.5000
7.2000 0.5000 2.0000
7.2000 0.5000 2.5000
7.2000 0.5000 3.0000
7.2000 1.0000 0.0000
7.2000 1.0000 0.5000
7.2000 1.0000 1.0000
7.2000 1.0000 1.5000
7.2000 1.0000 2.0000
7.2000 1.0000 2.5000
7.2000 1.0000 3.0000
7.4000 0.5000 0.0000
7.4000 0.5000 0.5000
7.4000 0.5000 1.0000
7.4000 0.5000 1.5000
7.4000 0.5000 2.0000
7.4000 0.5000 2.5000
7.4000 0.5000 3.0000
7.4000 1.0000 0.0000
7.4000 1.0000 0.5000
7.4000 1.0000 1.0000
7.4000 1.0000 1.5000
7.4000 1.0000 2.0000
7.4000 1.0000 2.5000
7.4000 1.0000 3.0000
7.6000 0.5000 0.0000
7.6000 0.5000 0.5000
7.6000 0.5000 1.0000
7.6000 0.5000 1.5000
7.6000 0.5000 2.0000
7.6000 0.5000 2.5000
7.6000 0.5000 3.0000
7.6000 1.0000 0.0000
7.6000 1.0000 0.5000
7.6000 1.0000 1.0000
7.6000 1.0000 1.5000
7.6000 1.0000 2.0000
7.6000 1.0000 2.5000
7.6000 1.0000 3.0000
7.8000 0.5000 0.0000
7.8000 0.5000 0.5000
7.8000 0.5000 1.0000
7.8000 0.5000 1.5000
7.8000 0.5000 2.0000
7.8000 0.5000 2.5000
7.8000 0.5000 3.0000
7.8000 1.0000 0.0000
7.8000 1.0000 0.5000
7.8000 1.0000 1.0000
7.8000 1.0000 1.5000
7.8000 1.0000 2.0000
7.8000 1.0000 2.5000
7.8000 1.0000 3.0000
8.0000 0.5000 0.0000
8.0000 0.5000 0.5000
8.0000 0.5000 1.0000
8.0000 0.5000 1.5000
8.0000 0.5000 2.0000
8.0000 0.5000 2.5000
8.0000 0.5000 3.0000
8.0000 1.0000 0.0000
8.0000 1.0000 0.5000
8.0000 1.0000 1.0000
8.0000 1.0000 1.5000
8.0000 1.0000 2.0000
8.0000 1.0000 2.5000
8.0000 1.0000 3.0000
8.2000 0.5000 0.0000
8.2000 0.5000 0.5000
8.2000 0.5000 1.0000
8.2000 0.5000 1.5000
8.2000 0.5000 2.0000
8.2000 0.5000 2.5000
8.2000 0.5000 3.0000
8.2000 1.0000 0.0000
8.2000 1.0000 0.5000
8.2000 1.0000 1.0000
8.2000 1.0000 1.5000
8.2000 1.0000 2.0000
8.2000 1.0000 2.5000
8.2000 1.0000 3.0000
8.4000 0.5000 0.0000
8.4000 0.5000 0.5000
8.4000 0.5000 1.0000
8.4000 0.5000 1.5000
8.4000 0.5000 2.0000
8.4000 0.5000 2.5000
8.4000 0.5000 3.0000
8.4000 1.0000 0.0000
8.4000 1.0000 0.5000
8.4000 1.0000 1.0000
8.4000 1.0000 1.5000
8.4000 1.0000 2.0000
8.4000 1.0000 2.5000
8.4000 1.0000 3.0000
8.6000 0.5000 0.0000
8.6000 0.5000 0.5000
8.6000 0.5000 1.0000
8.6000 0.5000 1.5000
8.6000 0.5000 2.0000
8.6000 0.5000 2.5000
8.6000 0.5000 3.0000
8.6000 1.0000 0.0000
8.6000 1.0000 0.5000
8.6000 1.0000 1.0000
8.6000 1.0000 1.5000
8.6000 1.0000 2.0000
8.6000 1.0000 2.5000
8.6000 1.0000 3.0000
8.8000 0.5000 0.0000
8.8000 0.5000 0.5000
8.8000 0.5000 1.0000
8.8000 0.5000 1.5000
8.8000 0.5000 2.0000
8.8000 0.5000 2.5000
8.8000 0.5000 3.0000
8.8000 1.0000 0.0000
8.8000 1.0000 0.5000
8.8000 1.0000 1.0000
8.8000 1.0000 1.5000
8.8000 1.0000 2.0000
8.8000 1.0000 2.5000
8.8000 1.0000 3.0000
9.0000 0.5000 0.0000
9.0000 0.5000 0.5000
9.0000 0.5000 1.0000
9.0000 0.5000 1.5000
9.0000 0.5000 2.0000
9.0000 0.5000 2.5000
9.0000 0.5000 3.0000
9.0000 1.0000 0.0000
9.0000 1.0000 0.5000
9.0000 1.0000 1.0000
9.0000 1.0000 1.5000
9.0000 1.0000 2.0000
9.0000 1.0000 2.5000
9.0000 1.0000 3.0000
9.2000 0.5000 0.0000
9.2000 0.5000 0.5000
9.2000 0.5000 1.0000
9.2000 0.5000 1.5000
9.2000 0.5000 2.0000
9.2000 0.5000 2.5000
9.2000 0.5000 3.0000
9.2000 1.0000 0.0000
9.2000 1.0000 0.5000
9.2000 1.0000 1.0000
9.2000 1.0000 1.5000
9.2000 1.0000 2.0000
9.2000 1.0000 2.5000
9.2000 1.0000 3.0000
9.4000 0.5000 0.0000
9.4000 0.5000 0.5000
9.4000 0.5000 1.0000
9.4000 0.5000 1.5000
9.4000 0.5000 2.0000
9.4000 0.5000 2.5000
9.4000 0.5000 3.0000
9.4000 1.0000 0.0000
9.4000 1.0000 0.5000
9.4000 1.0000 1.0000
9.4000 1.0000 1.5000
9.4000 1.0000 2.0000
9.4000 1.0000 2.5000
9.4000 1.0000 3.0000
9.6000 0.5000 0.0000
9.6000 0.5000 0.5000
9.6000 0.5000 1.0000
9.6000 0.5000 1.5000
9.6000 0.5000 2.0000
9.6000 0.5000 2.5000
9.6000 0.5000 3.0000
9.6000 1.0000 0.0000
9.6000 1.0000 0.5000
9.6000 1.0000 1.0000
9.6000 1.0000 1.5000
9.6000 1.0000 2.0000
9.6000 1.0000 2.5000
9.6000 1.0000 3.0000
9.8000 0.5000 0.0000
9.8000 0.5000 0.5000
9.8000 0.5000 1.0000
9.8000 0.5000 1.5000
9.8000 0.5000 2.0000
9.8000 0.5000 2.5000
9.8000 0.5000 3.0000
9.8000 1.0000 0.0000
9.8000 1.0000 0.5000
9.8000 1.0000 1.0000
9.8000 1.0000 1.5000
9.8000 1.0000 2.0000
9.8000 1.0000 2.5000
9.8000 1.0000 3.0000
10.0000 0.5000 0.0000
10.0000 0.5000 0.5000
10.0000 0.5000 1.0000
10.0000 0.5000 1.5000
10.0000 0.5000 2.0000
10.0000 0.5000 2.5000
10.0000 0.5000 3.0000
10.0000 1.0000 0.0000
10.0000 1.0000 0.5000
10.0000 1.0000 1.0000
10.0000 1.0000 1.5000
10.0000 1.0000 2.0000
10.0000 1.0000 2.5000
10.0000 1.0000 3.0000
10.2000 0.5000 0.0000
10.2000 0.5000 0.5000
10.2000 0.5000 1.0000
10.2000 0.5000 1.5000
10.2000 0.5000 2.0000
10.2000 0.5000 2.5000
10.2000 0.5000 3.0000
10.2000 1.0000 0.0000
10.2000 1.0000 0.5000
10.2000 1.0000 1.0000
10.2000 1.0000 1.5000
10.2000 1.0000 2.0000
10.2000 1.0000 2.5000
10.2000 1.0000 3.0000
10.4000 0.5000 0.0000
10.4000 0.5000 0.5000
10.4000 0.5000 1.0000
10.4000 0.5000 1.5000
10.4000 0.5000 2.0000
10.4000 0.5000 2.5000
10.4000 0.5000 3.0000
10.4000 1.0000 0.0000
10.4000 1.0000 0.5000
10.4000 1.0000 1.0000
10.4000 1.0000 1.5000
10.4000 1.0000 2.0000
10.4000 1.0000 2.5000
10.4000 1.0000 3.0000
10.6000 0.5000 0.0000
10.6000 0.5000 0.5000
10.6000 0.5000 1.0000
10.6000 0.5000 1.5000
10.6000 0.5000 2.0000
10.6000 0.5000 2.5000
10.6000 0.5000 3.0000
10.6000 1.0000 0.0000
10.6000 1.0000 0.5000
10.6000 1.0000 1.0000
10.6000 1.0000 1.5000
10.6000 1.0000 2.0000
10.6000 1.0000 2.5000
10.6000 1.0000 3.0000
10.8000 0.5000 0.0000
10.8000 0.5000 0.5000
10.8000 0.5000 1.0000
10.8000 0.5000 1.5000
10.8000 0.5000 2.0000
10.8000 0.5000 2.5000
10.8000 0.5000 3.0000
10.8000 1.0000 0.0000
10.8000 1.0000 0.5000
10.8000 1.0000 1.0000
10.8000 1.0000 1.5000
10.8000 1.0000 2.0000
10.8000 1.0000 2.5000
10.8000 1.0000 3.0000
11.0000 0.5000 0.0000
11.0000 0.5000 0.5000
11.0000 0.5000 1.0000
11.0000 0.5000 1.5000
11.0000 0.5000 2.0000
11.0000 0.5000 2.5000
11.0000 0.5000 3.0000
11.0000 1.0000 0.0000
11.0000 1.0000 0.5000
11.0000 1.0000 1.0000
11.0000 1.0000 1.5000
11.0000 1.0000 2.0000
11.0000 1.0000 2.5000
11.0000 1.0000 3.0000
11.2000 0.5000 0.0000
11.2000 0.5000 0.5000
11.2000 0.5000 1.0000
11.2000 0.5000 1.5000
11.2000 0.5000 2.0000
11.2000 0.5000 2.5000
11.2000 0.5000 3.0000
11.2000 1.0000 0.0000
11.2000 1.0000 0.5000
11.2000 1.0000 1.0000
11.2000 1.0000 1.5000
11.2000 1.0000 2.0000
11.2000 1.0000 2.5000
11.2000 1.0000 3.0000
11.4000 0.5000 0.0000
11.4000 0.5000 0.5000
11.4000 0.5000 1.0000
11.4000 0.5000 1.5000
11.4000 0.5000 2.0000
11.4000 0.5000 2.5000
11.4000 0.5000 3.0000
11.4000 1.0000 0.0000
11.4000 1.0000 0.5000
11.4000 1.0000 1.0000
11.4000 1.0000 1.5000
11.4000 1.0000 2.0000
11.4000 1.0000 2.5000
11.4000 1.0000 3.0000
11.6000 0.5000 0.0000
11.6000 0.5000 0.5000
11.6000 0.5000 1.0000
11.6000 0.5000 1.5000
11.6000 0.5000 2.0000
11.6000 0.5000 2.5000
11.6000 0.5000 3.0000
11.6000 1.0000 0.0000
11.6000 1.0000 0.5000
11.6000 1.0000 1.0000
11.6000 1.0000 1.5000
11.6000 1.0000 2.0000
11.6000 1.0000 2.5000
11.6000 1.0000 3.0000
11.8000 0.5000 0.0000
11.8000 0.5000 0.5000
11.8000 0.5000 1.0000
11.8000 0.5000 1.5000
11.8000 0.5000 2.0000
11.8000 0.5000 2.5000
11.8000 0.5000 3.0000
11.8000 1.0000 0.0000
11.8000 1.0000 0.5000
11.8000 1.0000 1.0000
11.8000 1.0000 1.5000
11.8000 1.0000 2.0000
11.8000 1.0000 2.5000
11.8000 1.0000 3.0000
12.0000 0.5000 0.0000
12.0000 0.5000 0.5000
12.0000 0.5000 1.0000
12.0000 0.5000 1.5000
12.0000 0.5000 2.0000
12.0000 0.5000 2.5000
12.0000 0.5000 3.0000
12.0000 1.0000 0.0000
12.0000 1.0000 0.5000
12.0000 1.0000 1.0000
12.0000 1.0000 1.5000
12.0000 1.0000 2.0000
12.0000 1.0000 2.5000
12.0000 1.0000 3.0000
12.2000 0.5000 0.0000
12.2000 0.5000 0.5000
12.2000 0.5000 1.0000
12.2000 0.5000 1.5000
12.2000 0.5000 2.0000
12.2000 0.5000 2.5000
12.2000 0.5000 3.0000
12.2000 1.0000 0.0000
12.2000 1.0000 0.5000
12.2000 1.0000 1.0000
12.2000 1.0000 1.5000
12.2000 1.0000 2.0000
12.2000 1.0000 2.5000
12.2000 1.0000 3.0000
12.4000 0.5000 0.0000
12.4000 0.5000 0.5000
12.4000 0.5000 1.0000
12.4000 0.5000 1.5000
12.4000 0.5000 2.0000
12.4000 0.5000 2.5000
12.4000 0.5000 3.0000
12.4000 1.0000 0.0000
12.4000 1.0000 0.5000
12.4000 1.0000 1.0000
12.4000 1.0000 1.5000
12.4000 1.0000 2.0000
12.4000 1.0000 2.5000
12.4000 1.0000 3.0000
12.6000 0.5000 0.0000
12.6000 0.5000 0.5000
12.6000 0.5000 1.0000
12.6000 0.5000 1.5000
12.6000 0.5000 2.0000
12.6000 0.5000 2.5000
12.6000 0.5000 3.0000
12.6000 1.0000 0.0000
12.6000 1.0000 0.5000
12.6000 1.0000 1.0000
12.6000 1.0000 1.5000
12.6000 1.0000 2.0000
12.6000 1.0000 2.5000
12.6000 1.0000 3.0000
12.8000 0.5000 0.0000
12.8000 0.5000 0.5000
12.8000 0.5000 1.0000
12.8000 0.5000 1.5000
12.8000 0.5000 2.0000
12.8000 0.5000 2.5000
12.8000 0.5000 3.0000
12.8000 1.0000 0.0000
12.8000 1.0000 0.5000
12.8000 1.0000 1.0000
12.8000 1.0000 1.5000
12.8000 1.0000 2.0000
12.8000 1.0000 2.5000
12.8000 1.0000 3.0000
13.0000 0.5000 0.0000
13.0000 0.5000 0.5000
13.0000 0.5000 1.0000
13.0000 0.5000 1.5000
13.0000 0.5000 2.0000
13.0000 0.5000 2.5000
13.0000 0.5000 3.0000
13.0000 1.0000 0.0000
13.0000 1.0000 0.5000
13.0000 1.0000 1.0000
13.0000 1.0000 1.5000
13.0000 1.0000 2.0000
13.0000 1.0000 2.5000
13.0000 1.0000 3.0000
13.2000 0.5000 0.0000
13.2000 0.5000 0.5000
13.2000 0.5000 1.0000
13.2000 0.5000 1.5000
13.2000 0.5000 2.0000
13.2000 0.5000 2.5000
13.2000 0.5000 3.0000
13.2000 1.0000 0.0000
13.2000 1.0000 0.5000
13.2000 1.0000 1.0000
13.2000 1.0000 1.5000
13.2000 1.0000 2.0000
13.2000 1.0000 2.5000
13.2000 1.0000 3.0000
13.4000 0.5000 0.0000
13.4000 0.5000 0.5000
13.4000 0.5000 1.0000
13.4000 0.5000 1.5000
13.4000 0.5000 2.0000
13.4000 0.5000 2.5000
13.4000 0.5000 3.0000
13.4000 1.0000 0.0000
13.4000 1.0000 0.5000
13.4000 1.0000 1.0000
13.4000 1.0000 1.5000
13.4000 1.0000 2.0000
13.4000 1.0000 2.5000
13.4000 1.0000 3.0000
13.6000 0.5000 0.0000
13.6000 0.5000 0.5000
13.6000 0.5000 1.0000
13.6000 0.5000 1.5000
13.6000 0.5000 2.0000
13.6000 0.5000 2.5000
13.6000 0.5000 3.0000
13.6000 1.0000 0.0000
13.6000 1.0000 0.5000
13.6000 1.0000 1.0000
13.6000 1.0000 1.5000
13.6000 1.0000 2.0000
13.6000 1.0000 2.5000
13.6000 1.0000 3.0000
13.8000 0.5000 0.0000
13.8000 0.5000 0.5000
13.8000 0.5000 1.0000
13.8000 0.5000 1.5000
13.8000 0.5000 2.0000
13.8000 0.5000 2.5000
13.8000 0.5000 3.0000
13.8000 1.0000 0.0000
13.8000 1.0000 0.5000
13.8000 1.0000 1.0000
13.8000 1.0000 1.5000
13.8000 1.0000 2.0000
13.8000 1.0000 2.5000
13.8000 1.0000 3.0000
14.0000 0.5000 0.0000
14.0000 0.5000 0.5000
14.0000 0.5000 1.0000
14.0000 0.5000 1.5000
14.0000 0.5000 2.0000
14.0000 0.5000 2.5000
14.0000 0.5000 3.0000
14.0000 1.0000 0.0000
14.0000 1.0000 0.5000
14.0000 1.0000 1.0000
14.0000 1.0000 1.5000
14.0000 1.0000 2.0000
14.0000 1.0000 2.5000
14.0000 1.0000 3.0000
14.2000 0.5000 0.0000
14.2000 0.5000 0.5000
14.2000 0.5000 1.0000
14.2000 0.5000 1.5000
14.2000 0.5000 2.0000
14.2000 0.5000 2.5000
14.2000 0.5000 3.0000
14.2000 1.0000 0.0000
14.2000 1.0000 0.5000
14.2000 1.0000 1.0000
14.2000 1.0000 1.5000
14.2000 1.0000 2.0000
14.2000 1.0000 2.5000
14.2000 1.0000 3.0000
14.4000 0.5000 0.0000
14.4000 0.5000 0.5000
14.4000 0.5000 1.0000
14.4000 0.5000 1.5000
14.4000 0.5000 2.0000
14.4000 0.5000 2.5000
14.4000 0.5000 3.0000
14.4000 1.0000 0.0000
14.4000 1.0000 0.5000
14.4000 1.0000 1.0000
14.4000 1.0000 1.5000
14.4000 1.0000 2.0000
14.4000 1.0000 2.5000
14.4000 1.0000 3.0000
14.6000 0.5000 0.0000
14.6000 0.5000 0.5000
14.6000 0.5000 1.0000
14.6000 0.5000 1.5000
14.6000 0.5000 2.0000
14.6000 0.5000 2.5000
14.6000 0.5000 3.0000
14.6000 1.0000 0.0000
14.6000 1.0000 0.5000
14.6000 1.0000 1.0000
14.6000 1.0000 1.5000
14.6000 1.0000 2.0000
14.6000 1.0000 2.5000
14.6000 1.0000 3.0000
14.8000 0.5000 0.0000
14.8000 0.5000 0.5000
14.8000 0.5000 1.0000
14.8000 0.5000 1.5000
14.8000 0.5000 2.0000
14.8000 0.5000 2.5000
14.8000 0.5000 3.0000
14.8000 1.0000 0.0000
14.8000 1.0000 0.5000
14.8000 1.0000 1.0000
14.8000 1.0000 1.5000
14.8000 1.0000 2.0000
14.8000 1.0000 2.5000
14.8000 1.0000 3.0000
15.0000 0.5000 0.0000
15.0000 0.5000 0.5000
15.0000 0.5000 1.0000
15.0000 0.5000 1.5000
15.0000 0.5000 2.0000
15.0000 0.5000 2.5000
15.0000 0.5000 3.0000
15.0000 1.0000 0.0000
15.0000 1.0000 0.5000
15.0000 1.0000 1.0000
15.0000 1.0000 1.5000
15.0000 1.0000 2.0000
15.0000 1.0000 2.5000
15.0000 1.0000 3.0000
15.2000 0.5000 0.0000
15.2000 0.5000 0.5000
15.2000 0.5000 1.0000
15.2000 0.5000 1.5000
15.2000 0.5000 2.0000
15.2000 0.5000 2.5000
15.2000 0.5000 3.0000
15.2000 1.0000 0.0000
15.2000 1.0000 0.5000
15.2000 1.0000 1.0000
15.2000 1.0000 1.5000
15.2000 1.0000 2.0000
15.2000 1.0000 2.5000
15.2000 1.0000 3.0000
15.4000 0.5000 0.0000
15.4000 0.5000 0.5000
15.4000 0.5000 1.0000
15.4000 0.5000 1.5000
15.4000 0.5000 2.0000
15.4000 0.5000 2.5000
15.4000 0.5000 3.0000
15.4000 1.0000 0.0000
15.4000 1.0000 0.5000
15.4000 1.0000 1.0000
15.4000 1.0000 1.5000
15.4000 1.0000 2.0000
15.4000 1.0000 2.5000
15.4000 1.0000 3.0000
15.6000 0.5000 0.0000
15.6000 0.5000 0.5000
15.6000 0.5000 1.0000
15.6000 0.5000 1.5000
15.6000 0.5000 2.0000
15.6000 0.5000 2.5000
15.6000 0.5000 3.0000
15.6000 1.0000 0.0000
15.6000 1.0000 0.5000
15.6000 1.0000 1.0000
15.6000 1.0000 1.5000
15.6000 1.0000 2.0000
15.6000 1.0000 2.5000
15.6000 1.0000 3.0000
15.8000 0.5000 0.0000
15.8000 0.5000 0.5000
15.8000 0.5000 1.0000
15.8000 0.5000 1.5000
15.8000 0.5000 2.0000
15.8000 0.5000 2.5000
15.8000 0.5000 3.0000
15.8000 1.0000 0.0000
15.8000 1.0000 0.5000
15.8000 1.0000 1.0000
15.8000 1.0000 1.5000
15.8000 1.0000 2.0000
15.8000 1.0000 2.5000
15.8000 1.0000 3.0000
16.0000 0.5000 0.0000
16.0000 0.5000 0.5000
16.0000 0.5000 1.0000
16.0000 0.5000 1.5000
16.0000 0.5000 2.0000
16.0000 0.5000 2.5000
16.0000 0.5000 3.0000
16.0000 1.0000 0.0000
16.0000 1.0000 0.5000
16.0000 1.0000 1.0000
16.0000 1.0000 1.5000
16.0000 1.0000 2.0000
16.0000 1.0000 2.5000
16.0000 1.0000 3.0000
16.2000 0.5000 0.0000
16.2000 0.5000 0.5000
16.2000 0.5000 1.0000
16.2000 0.5000 1.5000
16.2000 0.5000 2.0000
16.2000 0.5000 2.5000
16.2000 0.5000 3.0000
16.2000 1.0000 0.0000
16.2000 1.0000 0.5000
16.2000 1.0000 1.0000
16.2000 1.0000 1.5000
16.2000 1.0000 2.0000
16.2000 1.0000 2.5000
16.2000 1.0000 3.0000
16.4000 0.5000 0.0000
16.4000 0.5000 0.5000
16.4000 0.5000 1.0000
16.4000 0.5000 1.5000
16.4000 0.5000 2.0000
16.4000 0.5000 2.5000
16.4000 0.5000 3.0000
16.4000 1.0000 0.0000
16.4000 1.0000 0.5000
16.4000 1.0000 1.0000
16.4000 1.0000 1.5000
16.4000 1.0000 2.0000
16.4000 1.0000 2.5000
16.4000 1.0000 3.0000
16.6000 0.5000 0.0000
16.6000 0.5000 0.5000
16.6000 0.5000 1.0000
16.6000 0.5000 1.5000
16.6000 0.5000 2.0000
16.6000 0.5000 2.5000
16.6000 0.5000 3.0000
16.6000 1.0000 0.0000
16.6000 1.0000 0.5000
16.6000 1.0000 1.0000
16.6000 1.0000 1.5000
16.6000 1.0000 2.0000
16.6000 1.0000 2.5000
16.6000 1.0000 3.0000
16.8000 0.5000 0.0000
16.8000 0.5000 0.5000
16.8000 0.5000 1.0000
16.8000 0.5000 1.5000
16.8000 0.5000 2.0000
16.8000 0.5000 2.5000
16.8000 0.5000 3.0000
16.8000 1.0000 0.0000
16.8000 1.0000 0.5000
16.8000 1.0000 1.0000
16.8000 1.0000 1.5000
16.8000 1.0000 2.0000
16.8000 1.0000 2.5000
16.8000 1.0000 3.0000
17.0000 0.5000 0.0000
17.0000 0.5000 0.5000
17.0000 0.5000 1.0000
17.0000 0.5000 1.5000
17.0000 0.5000 2.0000
17.0000 0.5000 2.5000
17.0000 0.5000 3.0000
17.0000 1.0000 0.0000
17.0000 1.0000 0.5000
17.0000 1.0000 1.0000
17.0000 1.0000 1.5000
17.0000 1.0000 2.0000
17.0000 1.0000 2.5000
17.0000 1.0000 3.0000
17.2000 0.5000 0.0000
17.2000 0.5000 0.5000
17.2000 0.5000 1.0000
17.2000 0.5000 1.5000
17.2000 0.5000 2.0000
17.2000 0.5000 2.5000
17.2000 0.5000 3.0000
17.2000 1.0000 0.0000
17.2000 1.0000 0.5000
17.2000 1.0000 1.0000
17.2000 1.0000 1.5000
17.2000 1.0000 2.0000
17.2000 1.0000 2.5000
17.2000 1.0000 3.0000
17.4000 0.5000 0.0000
17.4000 0.5000 0.5000
17.4000 0.5000 1.0000
17.4000 0.5000 1.5000
17.4000 0.5000 2.0000
17.4000 0.5000 2.5000
17.4000 0.5000 3.0000
17.4000 1.0000 0.0000
17.4000 1.0000 0.5000
17.4000 1.0000 1.0000
17.4000 1.0000 1.5000
17.4000 1.0000 2.0000
17.4000 1.0000 2.5000
17.4000 1.0000 3.0000
17.6000 0.5000 0.0000
17.6000 0.5000 0.5000
17.6000 0.5000 1.0000
17.6000 0.5000 1.5000
17.6000 0.5000 2.0000
17.6000 0.5000 2.5000
17.6000 0.5000 3.0000
17.6000 1.0000 0.0000
17.6000 1.0000 0.5000
17.6000 1.0000 1.0000
17.6000 1.0000 1.5000
17.6000 1.0000 2.0000
17.6000 1.0000 2.5000
17.6000 1.0000 3.0000
17.8000 0.5000 0.0000
17.8000 0.5000 0.5000
17.8000 0.5000 1.0000
17.8000 0.5000 1.5000
17.8000 0.5000 2.0000
17.8000 0.5000 2.5000
17.8000 0.5000 3.0000
17.8000 1.0000 0.0000
17.8000 1.0000 0.5000
17.8000 1.0000 1.0000
17.8000 1.0000 1.5000
17.8000 1.0000 2.0000
17.8000 1.0000 2.5000
17.8000 1.0000 3.0000
18.0000 0.5000 0.0000
18.0000 0.5000 0.5000
18.0000 0.5000 1.0000
18.0000 0.5000 1.5000
18.0000 0.5000 2.0000
18.0000 0.5000 2.5000
18.0000 0.5000 3.0000
18.0000 1.0000 0.0000
18.0000 1.0000 0.5000
18.0000 1.0000 1.0000
18.0000 1.0000 1.5000
18.0000 1.0000 2.0000
18.0000 1.0000 2.5000
18.0000 1.0000 3.0000
18.2000 0.5000 0.0000
18.2000 0.5000 0.5000
18.2000 0.5000 1.0000
18.2000 0.5000 1.5000
18.2000 0.5000 2.0000
18.2000 0.5000 2.5000
18.2000 0.5000 3.0000
18.2000 1.0000 0.0000
18.2000 1.0000 0.5000
18.2000 1.0000 1.0000
18.2000 1.0000 1.5000
18.2000 1.0000 2.0000
18.2000 1.0000 2.5000
18.2000 1.0000 3.0000
18.4000 0.5000 0.0000
18.4000 0.5000 0.5000
18.4000 0.5000 1.0000
18.4000 0.5000 1.5000
18.4000 0.5000 2.0000
18.4000 0.5000 2.5000
18.4000 0.5000 3.0000
18.4000 1.0000 0.0000
18.4000 1.0000 0.5000
18.4000 1.0000 1.0000
18.4000 1.0000 1.5000
18.4000 1.0000 2.0000
18.4000 1.0000 2.5000
18.4000 1.0000 3.0000
18.6000 0.5000 0.0000
18.6000 0.5000 0.5000
18.6000 0.5000 1.0000
18.6000 0.5000 1.5000
18.6000 0.5000 2.0000
18.6000 0.5000 2.5000
18.6000 0.5000 3.0000
18.6000 1.0000 0.0000
18.6000 1.0000 0.5000
18.6000 1.0000 1.0000
18.6000 1.0000 1.5000
18.6000 1.0000 2.0000
18.6000 1.0000 2.5000
18.6000 1.0000 3.0000
18.8000 0.5000 0.0000
18.8000 0.5000 0.5000
18.8000 0.5000 1.0000
18.8000 0.5000 1.5000
18.8000 0.5000 2.0000
18.8000 0.5000 2.5000
18.8000 0.5000 3.0000
18.8000 1.0000 0.0000
18.8000 1.0000 0.5000
18.8000 1.0000 1.0000
18.8000 1.0000 1.5000
18.8000 1.0000 2.0000
18.8000 1.0000 2.5000
18.8000 1.0000 3.0000
19.0000 0.5000 0.0000
19.0000 0.5000 0.5000
19.0000 0.5000 1.0000
19.0000 0.5000 1.5000
19.0000 0.5000 2.0000
19.0000 0.5000 2.5000
19.0000 0.5000 3.0000
19.0000 1.0000 0.0000
19.0000 1.0000 0.5000
19.0000 1.0000 1.0000
19.0000 1.0000 1.5000
19.0000 1.0000 2.0000
19.0000 1.0000 2.5000
19.0000 1.0000 3.0000
19.2000 0.5000 0.0000
19.2000 0.5000 0.5000
19.2000 0.5000 1.0000
19.2000 0.5000 1.5000
19.2000 0.5000 2.0000
19.2000 0.5000 2.5000
19.2000 0.5000 3.0000
19.2000 1.0000 0.0000
19.2000 1.0000 0.5000
19.2000 1.0000 1.0000
19.2000 1.0000 1.5000
19.2000 1.0000 2.0000
19.2000 1.0000 2.5000
19.2000 1.0000 3.0000
19.4000 0.5000 0.0000
19.4000 0.5000 0.5000
19.4000 0.5000 1.0000
19.4000 0.5000 1.5000
19.4000 0.5000 2.0000
19.4000 0.5000 2.5000
19.4000 0.5000 3.0000
19.4000 1.0000 0.0000
19.4000 1.0000 0.5000
19.4000 1.0000 1.0000
19.4000 1.0000 1.5000
19.4000 1.0000 2.0000
19.4000 1.0000 2.5000
19.4000 1.0000 3.0000
19.6000 0.5000 0.0000
19.6000 0.5000 0.5000
19.6000 0.5000 1.0000
19.6000 0.5000 1.5000
19.6000 0.5000 2.0000
19.6000 0.5000 2.5000
19.6000 0.5000 3.0000
19.6000 1.0000 0.0000
19.6000 1.0000 0.5000
19.6000 1.0000 1.0000
19.6000 1.0000 1.5000
19.6000 1.0000 2.0000
19.6000 1.0000 2.5000
19.6000 1.0000 3.0000
19.8000 0.5000 0.0000
19.8000 0.5000 0.5000
19.8000 0.5000 1.0000
19.8000 0.5000 1.5000
19.8000 0.5000 2.0000
19.8000 0.5000 2.5000
19.8000 0.5000 3.0000
19.8000 1.0000 0.0000
19.8000 1.0000 0.5000
19.8000 1.0000 1.0000
19.8000 1.0000 1.5000
19.8000 1.0000 2.0000
19.8000 1.0000 2.5000
19.8000 1.0000 3.0000
20.0000 0.5000 0.0000
20.0000 0.5000 0.5000
20.0000 0.5000 1.0000
20.0000 0.5000 1.5000
20.0000 0.5000 2.0000
20.0000 0.5000 2.5000
20.0000 0.5000 3.0000
20.0000 1.0000 0.0000
20.0000 1.0000 0.5000
20.0000 1.0000 1.0000
20.0000 1.0000 1.5000
20.0000 1.0000 2.0000
20.0000 1.0000 2.5000
20.0000 1.0000 3.0000
20.2000 0.5000 0.0000
20.2000 0.5000 0.5000
20.2000 0.5000 1.0000
20.2000 0.5000 1.5000
20.2000 0.5000 2.0000
20.2000 0.5000 2.5000
20.2000 0.5000 3.0000
20.2000 1.0000 0.0000
20.2000 1.0000 0.5000
20.2000 1.0000 1.0000
20.2000 1.0000 1.5000
20.2000 1.0000 2.0000
20.2000 1.0000 2.5000
20.2000 1.0000 3.0000
20.4000 0.5000 0.0000
20.4000 0.5000 0.5000
20.4000 0.5000 1.0000
20.4000 0.5000 1.5000
20.4000 0.5000 2.0000
20.4000 0.5000 2.5000
20.4000 0.5000 3.0000
20.4000 1.0000 0.0000
20.4000 1.0000 0.5000
20.4000 1.0000 1.0000
20.4000 1.0000 1.5000
20.4000 1.0000 2.0000
20.4000 1.0000 2.5000
20.4000 1.0000 3.0000
20.6000 0.5000 0.0000
20.6000 0.5000 0.5000
20.6000 0.5000 1.0000
20.6000 0.5000 1.5000
20.6000 0.5000 2.0000
20.6000 0.5000 2.5000
20.6000 0.5000 3.0000
20.6000 1.0000 0.0000
20.6000 1.0000 0.5000
20.6000 1.0000 1.0000
20.6000 1.0000 1.5000
20.6000 1.0000 2.0000
20.6000 1.0000 2.5000
20.6000 1.0000 3.0000
20.8000 0.5000 0.0000
20.8000 0.5000 0.5000
20.8000 0.5000 1.0000
20.8000 0.5000 1.5000
20.8000 0.5000 2.0000
20.8000 0.5000 2.5000
20.8000 0.5000 3.0000
20.8000 1.0000 0.0000
20.8000 1.0000 0.5000
20.8000 1.0000 1.0000
20.8000 1.0000 1.5000
20.8000 1.0000 2.0000
20.8000 1.0000 2.5000
20.8000 1.0000 3.0000
21.0000 0.5000 0.0000
21.0000 0.5000 0.5000
21.0000 0.5000 1.0000
21.0000 0.5000 1.5000
21.0000 0.5000 2.0000
21.0000 0.5000 2.5000
21.0000 0.5000 3.0000
21.0000 1.0000 0.0000
21.0000 1.0000 0.5000
21.0000 1.0000 1.0000
21.0000 1.0000 1.5000
21.0000 1.0000 2.0000
21.0000 1.0000 2.5000
21.0000 1.0000 3.0000
21.2000 0.5000 0.0000
21.2000 0.5000 0.5000
21.2000 0.5000 1.0000
21.2000 0.5000 1.5000
21.2000 0.5000 2.0000
21.2000 0.5000 2.5000
21.2000 0.5000 3.0000
21.2000 1.0000 0.0000
21.2000 1.0000 0.5000
21.2000 1.0000 1.0000
21.2000 1.0000 1.5000
21.2000 1.0000 2.0000
21.2000 1.0000 2.5000
21.2000 1.0000 3.0000
21.4000 0.5000 0.0000
21.4000 0.5000 0.5000
21.4000 0.5000 1.0000
21.4000 0.5000 1.5000
21.4000 0.5000 2.0000
21.4000 0.5000 2.5000
21.4000 0.5000 3.0000
21.4000 1.0000 0.0000
21.4000 1.0000 0.5000
21.4000 1.0000 1.0000
21.4000 1.0000 1.5000
21.4000 1.0000 2.0000
21.4000 1.0000 2.5000
21.4000 1.0000 3.0000
21.6000 0.5000 0.0000
21.6000 0.5000 0.5000
21.6000 0.5000 1.0000
21.6000 0.5000 1.5000
21.6000 0.5000 2.0000
21.6000 0.5000 2.5000
21.6000 0.5000 3.0000
21.6000 1.0000 0.0000
21.6000 1.0000 0.5000
21.6000 1.0000 1.0000
21.6000 1.0000 1.5000
21.6000 1.0000 2.0000
21.6000 1.0000 2.5000
21.6000 1.0000 3.0000
21.8000 0.5000 0.0000
21.8000 0.5000 0.5000
21.8000 0.5000 1.0000
21.8000 0.5000 1.5000
21.8000 0.5000 2.0000
21.8000 0.5000 2.5000
21.8000 0.5000 3.0000
21.8000 1.0000 0.0000
21.8000 1.0000 0.5000
21.8000 1.0000 1.0000
21.8000 1.0000 1.5000
21.8000 1.0000 2.0000
21.8000 1.0000 2.5000
21.8000 1.0000 3.0000
22.0000 0.5000 0.0000
22.0000 0.5000 0.5000
22.0000 0.5000 1.0000
22.0000 0.5000 1.5000
22.0000 0.5000 2.0000
22.0000 0.5000 2.5000
22.0000 0.5000 3.0000
22.0000 1.0000 0.0000
22.0000 1.0000 0.5000
22.0000 1.0000 1.0000
22.0000 1.0000 1.5000
22.0000 1.0000 2.0000
22.0000 1.0000 2.5000
22.0000 1.0000 3.0000
22.2000 0.5000 0.0000
22.2000 0.5000 0.5000
22.2000 0.5000 1.0000
22.2000 0.5000 1.5000
22.2000 0.5000 2.0000
22.2000 0.5000 2.5000
22.2000 0.5000 3.0000
22.2000 1.0000 0.0000
22.2000 1.0000 0.5000
22.2000 1.0000 1.0000
22.2000 1.0000 1.5000
22.2000 1.0000 2.0000
22.2000 1.0000 2.5000
22.2000 1.0000 3.0000
22.4000 0.5000 0.0000
22.4000 0.5000 0.5000
22.4000 0.5000 1.0000
22.4000 0.5000 1.5000
22.4000 0.5000 2.0000
22.4000 0.5000 2.5000
22.4000 0.5000 3.0000
22.4000 1.0000 0.0000
22.4000 1.0000 0.5000
22.4000 1.0000 1.0000
22.4000 1.0000 1.5000
22.4000 1.0000 2.0000
22.4000 1.0000 2.5000
22.4000 1.0000 3.0000
22.6000 0.5000 0.0000
22.6000 0.5000 0.5000
22.6000 0.5000 1.0000
22.6000 0.5000 1.5000
22.6000 0.5000 2.0000
22.6000 0.5000 2.5000
22.6000 0.5000 3.0000
22.6000 1.0000 0.0000
22.6000 1.0000 0.5000
22.6000 1.0000 1.0000
22.6000 1.0000 1.5000
22.6000 1.0000 2.0000
22.6000 1.0000 2.5000
22.6000 1.0000 3.0000
22.8000 0.5000 0.0000
22.8000 0.5000 0.5000
22.8000 0.5000 1.0000
22.8000 0.5000 1.5000
22.8000 0.5000 2.0000
22.8000 0.5000 2.5000
22.8000 0.5000 3.0000
22.8000 1.0000 0.0000
22.8000 1.0000 0.5000
22.8000 1.0000 1.0000
22.8000 1.0000 1.5000
22.8000 1.0000 2.0000
22.8000 1.0000 2.5000
22.8000 1.0000 3.0000
23.0000 0.5000 0.0000
23.0000 0.5000 0.5000
23.0000 0.5000 1.0000
23.0000 0.5000 1.5000
23.0000 0.5000 2.0000
23.0000 0.5000 2.5000
23.0000 0.5000 3.0000
23.0000 1.0000 0.0000
23.0000 1.0000 0.5000
23.0000 1.0000 1.0000
23.0000 1.0000 1.5000
23.0000 1.0000 2.0000
23.0000 1.0000 2.5000
23.0000 1.0000 3.0000
23.2000 0.5000 0.0000
23.2000 0.5000 0.5000
23.2000 0.5000 1.0000
23.2000 0.5000 1.5000
23.2000 0.5000 2.0000
23.2000 0.5000 2.5000
23.2000 0.5000 3.0000
23.2000 1.0000 0.0000
23.2000 1.0000 0.5000
23.2000 1.0000 1.0000
23.2000 1.0000 1.5000
23.2000 1.0000 2.0000
23.2000 1.0000 2.5000
23.2000 1.0000 3.0000
23.4000 0.5000 0.0000
23.4000 0.5000 0.5000
23.4000 0.5000 1.0000
23.4000 0.5000 1.5000
23.4000 0.5000 2.0000
23.4000 0.5000 2.5000
23.4000 0.5000 3.0000
23.4000 1.0000 0.0000
23.4000 1.0000 0.5000
23.4000 1.0000 1.0000
23.4000 1.0000 1.5000
23.4000 1.0000 2.0000
23.4000 1.0000 2.5000
23.4000 1.0000 3.0000
23.6000 0.5000 0.0000
23.6000 0.5000 0.5000
23.6000 0.5000 1.0000
23.6000 0.5000 1.5000
23.6000 0.5000 2.0000
23.6000 0.5000 2.5000
23.6000 0.5000 3.0000
23.6000 1.0000 0.0000
23.6000 1.0000 0.5000
23.6000 1.0000 1.0000
23.6000 1.0000 1.5000
23.6000 1.0000 2.0000
23.6000 1.0000 2.5000
23.6000 1.0000 3.0000
23.8000 0.5000 0.0000
23.8000 0.5000 0.5000
23.8000 0.5000 1.0000
23.8000 0.5000 1.5000
23.8000 0.5000 2.0000
23.8000 0.5000 2.5000
23.8000 0.5000 3.0000
23.8000 1.0000 0.0000
23.8000 1.0000 0.5000
23.8000 1.0000 1.0000
23.8000 1.0000 1.5000
23.8000 1.0000 2.0000
23.8000 1.0000 2.5000
23.8000 1.0000 3.0000
24.0000 0.5000 0.0000
24.0000 0.5000 0.5000
24.0000 0.5000 1.0000
24.0000 0.5000 1.5000
24.0000 0.5000 2.0000
24.0000 0.5000 2.5000
24.0000 0.5000 3.0000
24.0000 1.0000 0.0000
24.0000 1.0000 0.5000
24.0000 1.0000 1.0000
24.0000 1.0000 1.5000
24.0000 1.0000 2.0000
24.0000 1.0000 2.5000
24.0000 1.0000 3.0000
24.2000 0.5000 0.0000
24.2000 0.5000 0.5000
24.2000 0.5000 1.0000
24.2000 0.5000 1.5000
24.2000 0.5000 2.0000
24.2000 0.5000 2.5000
24.2000 0.5000 3.0000
24.2000 1.0000 0.0000
24.2000 1.0000 0.5000
24.2000 1.0000 1.0000
24.2000 1.0000 1.5000
24.2000 1.0000 2.0000
24.2000 1.0000 2.5000
24.2000 1.0000 3.0000
24.4000 0.5000 0.0000
24.4000 0.5000 0.5000
24.4000 0.5000 1.0000
24.4000 0.5000 1.5000
24.4000 0.5000 2.0000
24.4000 0.5000 2.5000
24.4000 0.5000 3.0000
24.4000 1.0000 0.0000
24.4000 1.0000 0.5000
24.4000 1.0000 1.0000
24.4000 1.0000 1.5000
24.4000 1.0000 2.0000
24.4000 1.0000 2.5000
24.4000 1.0000 3.0000
24.6000 0.5000 0.0000
24.6000 0.5000 0.5000
24.6000 0.5000 1.0000
24.6000 0.5000 1.5000
24.6000 0.5000 2.0000
24.6000 0.5000 2.5000
24.6000 0.5000 3.0000
24.6000 1.0000 0.0000
24.6000 1.0000 0.5000
24.6000 1.0000 1.0000
24.6000 1.0000 1.5000
24.6000 1.0000 2.0000
24.6000 1.0000 2.5000
24.6000 1.0000 3.0000
24.8000 0.5000 0.0000
24.8000 0.5000 0.5000
24.8000 0.5000 1.0000
24.8000 0.5000 1.5000
24.8000 0.5000 2.0000
24.8000 0.5000 2.5000
24.8000 0.5000 3.0000
24.8000 1.0000 0.0000
24.8000 1.0000 0.5000
24.8000 1.0000 1.0000
24.8000 1.0000 1.5000
24.8000 1.0000 2.0000
24.8000 1.0000 2.5000
24.8000 1.0000 3.0000
25.0000 0.5000 0.0000
25.0000 0.5000 0.5000
25.0000 0.5000 1.0000
25.0000 0.5000 1.5000
25.0000 0.5000 2.0000
25.0000 0.5000 2.5000
25.0000 0.5000 3.0000
25.0000 1.0000 0.0000
25.0000 1.0000 0.5000
25.0000 1.0000 1.0000
25.0000 1.0000 1.5000
25.0000 1.0000 2.0000
25.0000 1.0000 2.5000
25.0000 1.0000 3.0000
25.2000 0.5000 0.0000
25.2000 0.5000 0.5000
25.2000 0.5000 1.0000
25.2000 0.5000 1.5000
25.2000 0.5000 2.0000
25.2000 0.5000 2.5000
25.2000 0.5000 3.0000
25.2000 1.0000 0.0000
25.2000 1.0000 0.5000
25.2000 1.0000 1.0000
25.2000 1.0000 1.5000
25.2000 1.0000 2.0000
25.2000 1.0000 2.5000
25.2000 1.0000 3.0000
25.4000 0.5000 0.0000
25.4000 0.5000 0.5000
25.4000 0.5000 1.0000
25.4000 0.5000 1.5000
25.4000 0.5000 2.0000
25.4000 0.5000 2.5000
25.4000 0.5000 3.0000
25.4000 1.0000 0.0000
25.4000 1.0000 0.5000
25.4000 1.0000 1.0000
25.4000 1.0000 1.5000
25.4000 1.0000 2.0000
25.4000 1.0000 2.5000
25.4000 1.0000 3.0000
25.6000 0.5000 0.0000
25.6000 0.5000 0.5000
25.6000 0.5000 1.0000
25.6000 0.5000 1.5000
25.6000 0.5000 2.0000
25.6000 0.5000 2.5000
25.6000 0.5000 3.0000
25.6000 1.0000 0.0000
25.6000 1.0000 0.5000
25.6000 1.0000 1.0000
25.6000 1.0000 1.5000
25.6000 1.0000 2.0000
25.6000 1.0000 2.5000
25.6000 1.0000 3.0000
25.8000 0.5000 0.0000
25.8000 0.5000 0.5000
25.8000 0.5000 1.0000
25.8000 0.5000 1.5000
25.8000 0.5000 2.0000
25.8000 0.5000 2.5000
25.8000 0.5000 3.0000
25.8000 1.0000 0.0000
25.8000 1.0000 0.5000
25.8000 1.0000 1.0000
25.8000 1.0000 1.5000
25.8000 1.0000 2.0000
25.8000 1.0000 2.5000
25.8000 1.0000 3.0000
26.0000 0.5000 0.0000
26.0000 0.5000 0.5000
26.0000 0.5000 1.0000
26.0000 0.5000 1.5000
26.0000 0.5000 2.0000
26.0000 0.5000 2.5000
26.0000 0.5000 3.0000
26.0000 1.0000 0.0000
26.0000 1.0000 0.5000
26.0000 1.0000 1.0000
26.0000 1.0000 1.5000
26.0000 1.0000 2.0000
26.0000 1.0000 2.5000
26.0000 1.0000 3.0000
26.2000 0.5000 0.0000
26.2000 0.5000 0.5000
26.2000 0.5000 1.0000
26.2000 0.5000 1.5000
26.2000 0.5000 2.0000
26.2000 0.5000 2.5000
26.2000 0.5000 3.0000
26.2000 1.0000 0.0000
26.2000 1.0000 0.5000
26.2000 1.0000 1.0000
26.2000 1.0000 1.5000
26.2000 1.0000 2.0000
26.2000 1.0000 2.5000
26.2000 1.0000 3.0000
26.4000 0.5000 0.0000
26.4000 0.5000 0.5000
26.4000 0.5000 1.0000
26.4000 0.5000 1.5000
26.4000 0.5000 2.0000
26.4000 0.5000 2.5000
26.4000 0.5000 3.0000
26.4000 1.0000 0.0000
26.4000 1.0000 0.5000
26.4000 1.0000 1.0000
26.4000 1.0000 1.5000
26.4000 1.0000 2.0000
26.4000 1.0000 2.5000
26.4000 1.0000 3.0000
26.6000 0.5000 0.0000
26.6000 0.5000 0.5000
26.6000 0.5000 1.0000
26.6000 0.5000 1.5000
26.6000 0.5000 2.0000
26.6000 0.5000 2.5000
26.6000 0.5000 3.0000
26.6000 1.0000 0.0000
26.6000 1.0000 0.5000
26.6000 1.0000 1.0000
26.6000 1.0000 1.5000
26.6000 1.0000 2.0000
26.6000 1.0000 2.5000
26.6000 1.0000 3.0000
26.8000 0.5000 0.0000
26.8000 0.5000 0.5000
26.8000 0.5000 1.0000
26.8000 0.5000 1.5000
26.8000 0.5000 2.0000
26.8000 0.5000 2.5000
26.8000 0.5000 3.0000
26.8000 1.0000 0.0000
26.8000 1.0000 0.5000
26.8000 1.0000 1.0000
26.8000 1.0000 1.5000
26.8000 1.0000 2.0000
26.8000 1.0000 2.5000
26.8000 1.0000 3.0000
27.0000 0.5000 0.0000
27.0000 0.5000 0.5000
27.0000 0.5000 1.0000
27.0000 0.5000 1.5000
27.0000 0.5000 2.0000
27.0000 0.5000 2.5000
27.0000 0.5000 3.0000
27.0000 1.0000 0.0000
27.0000 1.0000 0.5000
27.0000 1.0000 1.0000
27.0000 1.0000 1.5000
27.0000 1.0000 2.0000
27.0000 1.0000 2.5000
27.0000 1.0000 3.0000
27.2000 0.5000 0.0000
27.2000 0.5000 0.5000
27.2000 0.5000 1.0000
27.2000 0.5000 1.5000
27.2000 0.5000 2.0000
27.2000 0.5000 2.5000
27.2000 0.5000 3.0000
27.2000 1.0000 0.0000
27.2000 1.0000 0.5000
27.2000 1.0000 1.0000
27.2000 1.0000 1.5000
27.2000 1.0000 2.0000
27.2000 1.0000 2.5000
27.2000 1.0000 3.0000
27.4000 0.5000 0.0000
27.4000 0.5000 0.5000
27.4000 0.5000 1.0000
27.4000 0.5000 1.5000
27.4000 0.5000 2.0000
27.4000 0.5000 2.5000
27.4000 0.5000 3.0000
27.4000 1.0000 0.0000
27.4000 1.0000 0.5000
27.4000 1.0000 1.0000
27.4000 1.0000 1.5000
27.4000 1.0000 2.0000
27.4000 1.0000 2.5000
27.4000 1.0000 3.0000
27.6000 0.5000 0.0000
27.6000 0.5000 0.5000
27.6000 0.5000 1.0000
27.6000 0.5000 1.5000
27.6000 0.5000 2.0000
27.6000 0.5000 2.5000
27.6000 0.5000 3.0000
27.6000 1.0000 0.0000
27.6000 1.0000 0.5000
27.6000 1.0000 1.0000
27.6000 1.0000 1.5000
27.6000 1.0000 2.0000
27.6000 1.0000 2.5000
27.6000 1.0000 3.0000
27.8000 0.5000 0.0000
27.8000 0.5000 0.5000
27.8000 0.5000 1.0000
27.8000 0.5000 1.5000
27.8000 0.5000 2.0000
27.8000 0.5000 2.5000
27.8000 0.5000 3.0000
27.8000 1.0000 0.0000
27.8000 1.0000 0.5000
27.8000 1.0000 1.0000
27.8000 1.0000 1.5000
27.8000 1.0000 2.0000
27.8000 1.0000 2.5000
27.8000 1.0000 3.0000
28.0000 0.5000 0.0000
28.0000 0.5000 0.5000
28.0000 0.5000 1.0000
28.0000 0.5000 1.5000
28.0000 0.5000 2.0000
28.0000 0.5000 2.5000
28.0000 0.5000 3.0000
28.0000 1.0000 0.0000
28.0000 1.0000 0.5000
28.0000 1.0000 1.0000
28.0000 1.0000 1.5000
28.0000 1.0000 2.0000
28.0000 1.0000 2.5000
28.0000 1.0000 3.0000
-10.0000 -1.0000 0.0000
-10.0000 -1.0000 0.5000
-10.0000 -1.0000 1.0000
-10.0000 -1.0000 1.5000
-10.0000 -1.0000 2.0000
-10.0000 -1.0000 2.5000
-10.0000 -1.0000 3.0000
-10.0000 -0.5000 0.0000
-10.0000 -0.5000 0.5000
-10.0000 -0.5000 1.0000
-10.0000 -0.5000 1.5000
-10.0000 -0.5000 2.0000
-10.0000 -0.5000 2.5000
-10.0000 -0.5000 3.0000
-9.8000 -1.0000 0.0000
-9.8000 -1.0000 0.5000
-9.8000 -1.0000 1.0000
-9.8000 -1.0000 1.5000
-9.8000 -1.0000 2.0000
-9.8000 -1.0000 2.5000
-9.8000 -1.0000 3.0000
-9.8000 -0.5000 0.0000
-9.8000 -0.5000 0.5000
-9.8000 -0.5000 1.0000
-9.8000 -0.5000 1.5000
-9.8000 -0.5000 2.0000
-9.8000 -0.5000 2.5000
-9.8000 -0.5000 3.0000
-9.6000 -1.0000 0.0000
-9.6000 -1.0000 0.5000
-9.6000 -1.0000 1.0000
-9.6000 -1.0000 1.5000
-9.6000 -1.0000 2.0000
-9.6000 -1.0000 2.5000
-9.6000 -1.0000 3.0000
-9.6000 -0.5000 0.0000
-9.6000 -0.5000 0.5000
-9.6000 -0.5000 1.0000
-9.6000 -0.5000 1.5000
-9.6000 -0.5000 2.0000
-9.6000 -0.5000 2.5000
-9.6000 -0.5000 3.0000
-9.4000 -1.0000 0.0000
-9.4000 -1.0000 0.5000
-9.4000 -1.0000 1.0000
-9.4000 -1.0000 1.5000
-9.4000 -1.0000 2.0000
-9.4000 -1.0000 2.5000
-9.4000 -1.0000 3.0000
-9.4000 -0.5000 0.0000
-9.4000 -0.5000 0.5000
-9.4000 -0.5000 1.0000
-9.4000 -0.5000 1.5000
-9.4000 -0.5000 2.0000
-9.4000 -0.5000 2.5000
-9.4000 -0.5000 3.0000
-9.2000 -1.0000 0.0000
-9.2000 -1.0000 0.5000
-9.2000 -1.0000 1.0000
-9.2000 -1.0000 1.5000
-9.2000 -1.0000 2.0000
-9.2000 -1.0000 2.5000
-9.2000 -1.0000 3.0000
-9.2000 -0.5000 0.0000
-9.2000 -0.5000 0.5000
-9.2000 -0.5000 1.0000
-9.2000 -0.5000 1.5000
-9.2000 -0.5000 2.0000
-9.2000 -0.5000 2.5000
-9.2000 -0.5000 3.0000
-9.0000 -1.0000 0.0000
-9.0000 -1.0000 0.5000
-9.0000 -1.0000 1.0000
-9.0000 -1.0000 1.5000
-9.0000 -1.0000 2.0000
-9.0000 -1.0000 2.5000
-9.0000 -1.0000 3.0000
-9.0000 -0.5000 0.0000
-9.0000 -0.5000 0.5000
-9.0000 -0.5000 1.0000
-9.0000 -0.5000 1.5000
-9.0000 -0.5000 2.0000
-9.0000 -0.5000 2.5000
-9.0000 -0.5000 3.0000
-8.8000 -1.0000 0.0000
-8.8000 -1.0000 0.5000
-8.8000 -1.0000 1.0000
-8.8000 -1.0000 1.5000
-8.8000 -1.0000 2.0000
-8.8000 -1.0000 2.5000
-8.8000 -1.0000 3.0000
-8.8000 -0.5000 0.0000
-8.8000 -0.5000 0.5000
-8.8000 -0.5000 1.0000
-8.8000 -0.5000 1.5000
-8.8000 -0.5000 2.0000
-8.8000 -0.5000 2.5000
-8.8000 -0.5000 3.0000
-8.6000 -1.0000 0.0000
-8.6000 -1.0000 0.5000
-8.6000 -1.0000 1.0000
-8.6000 -1.0000 1.5000
-8.6000 -1.0000 2.0000
-8.6000 -1.0000 2.5000
-8.6000 -1.0000 3.0000
-8.6000 -0.5000 0.0000
-8.6000 -0.5000 0.5000
-8.6000 -0.5000 1.0000
-8.6000 -0.5000 1.5000
-8.6000 -0.5000 2.0000
-8.6000 -0.5000 2.5000
-8.6000 -0.5000 3.0000
-8.4000 -1.0000 0.0000
-8.4000 -1.0000 0.5000
-8.4000 -1.0000 1.0000
-8.4000 -1.0000 1.5000
-8.4000 -1.0000 2.0000
-8.4000 -1.0000 2.5000
-8.4000 -1.0000 3.0000
-8.4000 -0.5000 0.0000
-8.4000 -0.5000 0.5000
-8.4000 -0.5000 1.0000
-8.4000 -0.5000 1.5000
-8.4000 -0.5000 2.0000
-8.4000 -0.5000 2.5000
-8.4000 -0.5000 3.0000
-8.2000 -1.0000 0.0000
-8.2000 -1.0000 0.5000
-8.2000 -1.0000 1.0000
-8.2000 -1.0000 1.5000
-8.2000 -1.0000 2.0000
-8.2000 -1.0000 2.5000
-8.2000 -1.0000 3.0000
-8.2000 -0.5000 0.0000
-8.2000 -0.5000 0.5000
-8.2000 -0.5000 1.0000
-8.2000 -0.5000 1.5000
-8.2000 -0.5000 2.0000
-8.2000 -0.5000 2.5000
-8.2000 -0.5000 3.0000
-8.0000 -1.0000 0.0000
-8.0000 -1.0000 0.5000
-8.0000 -1.0000 1.0000
-8.0000 -1.0000 1.5000
-8.0000 -1.0000 2.0000
-8.0000 -1.0000 2.5000
-8.0000 -1.0000 3.0000
-8.0000 -0.5000 0.0000
-8.0000 -0.5000 0.5000
-8.0000 -0.5000 1.0000
-8.0000 -0.5000 1.5000
-8.0000 -0.5000 2.0000
-8.0000 -0.5000 2.5000
-8.0000 -0.5000 3.0000
-7.8000 -1.0000 0.0000
-7.8000 -1.0000 0.5000
-7.8000 -1.0000 1.0000
-7.8000 -1.0000 1.5000
-7.8000 -1.0000 2.0000
-7.8000 -1.0000 2.5000
-7.8000 -1.0000 3.0000
-7.8000 -0.5000 0.0000
-7.8000 -0.5000 0.5000
-7.8000 -0.5000 1.0000
-7.8000 -0.5000 1.5000
-7.8000 -0.5000 2.0000
-7.8000 -0.5000 2.5000
-7.8000 -0.5000 3.0000
-7.6000 -1.0000 0.0000
-7.6000 -1.0000 0.5000
-7.6000 -1.0000 1.0000
-7.6000 -1.0000 1.5000
-7.6000 -1.0000 2.0000
-7.6000 -1.0000 2.5000
-7.6000 -1.0000 3.0000
-7.6000 -0.5000 0.0000
-7.6000 -0.5000 0.5000
-7.6000 -0.5000 1.0000
-7.6000 -0.5000 1.5000
-7.6000 -0.5000 2.0000
-7.6000 -0.5000 2.5000
-7.6000 -0.5000 3.0000
-7.4000 -1.0000 0.0000
-7.4000 -1.0000 0.5000
-7.4000 -1.0000 1.0000
-7.4000 -1.0000 1.5000
-7.4000 -1.0000 2.0000
-7.4000 -1.0000 2.5000
-7.4000 -1.0000 3.0000
-7.4000 -0.5000 0.0000
-7.4000 -0.5000 0.5000
-7.4000 -0.5000 1.0000
-7.4000 -0.5000 1.5000
-7.4000 -0.5000 2.0000
-7.4000 -0.5000 2.5000
-7.4000 -0.5000 3.0000
-7.2000 -1.0000 0.0000
-7.2000 -1.0000 0.5000
-7.2000 -1.0000 1.0000
-7.2000 -1.0000 1.5000
-7.2000 -1.0000 2.0000
-7.2000 -1.0000 2.5000
-7.2000 -1.0000 3.0000
-7.2000 -0.5000 0.0000
-7.2000 -0.5000 0.5000
-7.2000 -0.5000 1.0000
-7.2000 -0.5000 1.5000
-7.2000 -0.5000 2.0000
-7.2000 -0.5000 2.5000
-7.2000 -0.5000 3.0000
-7.0000 -1.0000 0.0000
-7.0000 -1.0000 0.5000
-7.0000 -1.0000 1.0000
-7.0000 -1.0000 1.5000
-7.0000 -1.0000 2.0000
-7.0000 -1.0000 2.5000
-7.0000 -1.0000 3.0000
-7.0000 -0.5000 0.0000
-7.0000 -0.5000 0.5000
-7.0000 -0.5000 1.0000
-7.0000 -0.5000 1.5000
-7.0000 -0.5000 2.0000
-7.0000 -0.5000 2.5000
-7.0000 -0.5000 3.0000
-6.8000 -1.0000 0.0000
-6.8000 -1.0000 0.5000
-6.8000 -1.0000 1.0000
-6.8000 -1.0000 1.5000
-6.8000 -1.0000 2.0000
-6.8000 -1.0000 2.5000
-6.8000 -1.0000 3.0000
-6.8000 -0.5000 0.0000
-6.8000 -0.5000 0.5000
-6.8000 -0.5000 1.0000
-6.8000 -0.5000 1.5000
-6.8000 -0.5000 2.0000
-6.8000 -0.5000 2.5000
-6.8000 -0.5000 3.0000
-6.6000 -1.0000 0.0000
-6.6000 -1.0000 0.5000
-6.6000 -1.0000 1.0000
-6.6000 -1.0000 1.5000
-6.6000 -1.0000 2.0000
-6.6000 -1.0000 2.5000
-6.6000 -1.0000 3.0000
-6.6000 -0.5000 0.0000
-6.6000 -0.5000 0.5000
-6.6000 -0.5000 1.0000
-6.6000 -0.5000 1.5000
-6.6000 -0.5000 2.0000
-6.6000 -0.5000 2.5000
-6.6000 -0.5000 3.0000
-6.4000 -1.0000 0.0000
-6.4000 -1.0000 0.5000
-6.4000 -1.0000 1.0000
-6.4000 -1.0000 1.5000
-6.4000 -1.0000 2.0000
-6.4000 -1.0000 2.5000
-6.4000 -1.0000 3.0000
-6.4000 -0.5000 0.0000
-6.4000 -0.5000 0.5000
-6.4000 -0.5000 1.0000
-6.4000 -0.5000 1.5000
-6.4000 -0.5000 2.0000
-6.4000 -0.5000 2.5000
-6.4000 -0.5000 3.0000
-6.2000 -1.0000 0.0000
-6.2000 -1.0000 0.5000
-6.2000 -1.0000 1.0000
-6.2000 -1.0000 1.5000
-6.2000 -1.0000 2.0000
-6.2000 -1.0000 2.5000
-6.2000 -1.0000 3.0000
-6.2000 -0.5000 0.0000
-6.2000 -0.5000 0.5000
-6.2000 -0.5000 1.0000
-6.2000 -0.5000 1.5000
-6.2000 -0.5000 2.0000
-6.2000 -0.5000 2.5000
-6.2000 -0.5000 3.0000
-6.0000 -1.0000 0.0000
-6.0000 -1.0000 0.5000
-6.0000 -1.0000 1.0000
-6.0000 -1.0000 1.5000
-6.0000 -1.0000 2.0000
-6.0000 -1.0000 2.5000
-6.0000 -1.0000 3.0000
-6.0000 -0.5000 0.0000
-6.0000 -0.5000 0.5000
-6.0000 -0.5000 1.0000
-6.0000 -0.5000 1.5000
-6.0000 -0.5000 2.0000
-6.0000 -0.5000 2.5000
-6.0000 -0.5000 3.0000
-5.8000 -1.0000 0.0000
-5.8000 -1.0000 0.5000
-5.8000 -1.0000 1.0000
-5.8000 -1.0000 1.5000
-5.8000 -1.0000 2.0000
-5.8000 -1.0000 2.5000
-5.8000 -1.0000 3.0000
-5.8000 -0.5000 0.0000
-5.8000 -0.5000 0.5000
-5.8000 -0.5000 1.0000
-5.8000 -0.5000 1.5000
-5.8000 -0.5000 2.0000
-5.8000 -0.5000 2.5000
-5.8000 -0.5000 3.0000
-5.6000 -1.0000 0.0000
-5.6000 -1.0000 0.5000
-5.6000 -1.0000 1.0000
-5.6000 -1.0000 1.5000
-5.6000 -1.0000 2.0000
-5.6000 -1.0000 2.5000
-5.6000 -1.0000 3.0000
-5.6000 -0.5000 0.0000
-5.6000 -0.5000 0.5000
-5.6000 -0.5000 1.0000
-5.6000 -0.5000 1.5000
-5.6000 -0.5000 2.0000
-5.6000 -0.5000 2.5000
-5.6000 -0.5000 3.0000
-5.4000 -1.0000 0.0000
-5.4000 -1.0000 0.5000
-5.4000 -1.0000 1.0000
-5.4000 -1.0000 1.5000
-5.4000 -1.0000 2.0000
-5.4000 -1.0000 2.5000
-5.4000 -1.0000 3.0000
-5.4000 -0.5000 0.0000
-5.4000 -0.5000 0.5000
-5.4000 -0.5000 1.0000
-5.4000 -0.5000 1.5000
-5.4000 -0.5000 2.0000
-5.4000 -0.5000 2.5000
-5.4000 -0.5000 3.0000
-5.2000 -1.0000 0.0000
-5.2000 -1.0000 0.5000
-5.2000 -1.0000 1.0000
-5.2000 -1.0000 1.5000
-5.2000 -1.0000 2.0000
-5.2000 -1.0000 2.5000
-5.2000 -1.0000 3.0000
-5.2000 -0.5000 0.0000
-5.2000 -0.5000 0.5000
-5.2000 -0.5000 1.0000
-5.2000 -0.5000 1.5000
-5.2000 -0.5000 2.0000
-5.2000 -0.5000 2.5000
-5.2000 -0.5000 3.0000
-5.0000 -1.0000 0.0000
-5.0000 -1.0000 0.5000
-5.0000 -1.0000 1.0000
-5.0000 -1.0000 1.5000
-5.0000 -1.0000 2.0000
-5.0000 -1.0000 2.5000
-5.0000 -1.0000 3.0000
-5.0000 -0.5000 0.0000
-5.0000 -0.5000 0.5000
-5.0000 -0.5000 1.0000
-5.0000 -0.5000 1.5000
-5.0000 -0.5000 2.0000
-5.0000 -0.5000 2.5000
-5.0000 -0.5000 3.0000
-4.8000 -1.0000 0.0000
-4.8000 -1.0000 0.5000
-4.8000 -1.0000 1.0000
-4.8000 -1.0000 1.5000
-4.8000 -1.0000 2.0000
-4.8000 -1.0000 2.5000
-4.8000 -1.0000 3.0000
-4.8000 -0.5000 0.0000
-4.8000 -0.5000 0.5000
-4.8000 -0.5000 1.0000
-4.8000 -0.5000 1.5000
-4.8000 -0.5000 2.0000
-4.8000 -0.5000 2.5000
-4.8000 -0.5000 3.0000
-4.6000 -1.0000 0.0000
-4.6000 -1.0000 0.5000
-4.6000 -1.0000 1.0000
-4.6000 -1.0000 1.5000
-4.6000 -1.0000 2.0000
-4.6000 -1.0000 2.5000
-4.6000 -1.0000 3.0000
-4.6000 -0.5000 0.0000
-4.6000 -0.5000 0.5000
-4.6000 -0.5000 1.0000
-4.6000 -0.5000 1.5000
-4.6000 -0.5000 2.0000
-4.6000 -0.5000 2.5000
-4.6000 -0.5000 3.0000
-4.4000 -1.0000 0.0000
-4.4000 -1.0000 0.5000
-4.4000 -1.0000 1.0000
-4.4000 -1.0000 1.5000
-4.4000 -1.0000 2.0000
-4.4000 -1.0000 2.5000
-4.4000 -1.0000 3.0000
-4.4000 -0.5000 0.0000
-4.4000 -0.5000 0.5000
-4.4000 -0.5000 1.0000
-4.4000 -0.5000 1.5000
-4.4000 -0.5000 2.0000
-4.4000 -0.5000 2.5000
-4.4000 -0.5000 3.0000
-4.2000 -1.0000 0.0000
-4.2000 -1.0000 0.5000
-4.2000 -1.0000 1.0000
-4.2000 -1.0000 1.5000
-4.2000 -1.0000 2.0000
-4.2000 -1.0000 2.5000
-4.2000 -1.0000 3.0000
-4.2000 -0.5000 0.0000
-4.2000 -0.5000 0.5000
-4.2000 -0.5000 1.0000
-4.2000 -0.5000 1.5000
-4.2000 -0.5000 2.0000
-4.2000 -0.5000 2.5000
-4.2000 -0.5000 3.0000
-4.0000 -1.0000 0.0000
-4.0000 -1.0000 0.5000
-4.0000 -1.0000 1.0000
-4.0000 -1.0000 1.5000
-4.0000 -1.0000 2.0000
-4.0000 -1.0000 2.5000
-4.0000 -1.0000 3.0000
-4.0000 -0.5000 0.0000
-4.0000 -0.5000 0.5000
-4.0000 -0.5000 1.0000
-4.0000 -0.5000 1.5000
-4.0000 -0.5000 2.0000
-4.0000 -0.5000 2.5000
-4.0000 -0.5000 3.0000
-3.8000 -1.0000 0.0000
-3.8000 -1.0000 0.5000
-3.8000 -1.0000 1.0000
-3.8000 -1.0000 1.5000
-3.8000 -1.0000 2.0000
-3.8000 -1.0000 2.5000
-3.8000 -1.0000 3.0000
-3.8000 -0.5000 0.0000
-3.8000 -0.5000 0.5000
-3.8000 -0.5000 1.0000
-3.8000 -0.5000 1.5000
-3.8000 -0.5000 2.0000
-3.8000 -0.5000 2.5000
-3.8000 -0.5000 3.0000
-3.6000 -1.0000 0.0000
-3.6000 -1.0000 0.5000
-3.6000 -1.0000 1.0000
-3.6000 -1.0000 1.5000
-3.6000 -1.0000 2.0000
-3.6000 -1.0000 2.5000
-3.6000 -1.0000 3.0000
-3.6000 -0.5000 0.0000
-3.6000 -0.5000 0.5000
-3.6000 -0.5000 1.0000
-3.6000 -0.5000 1.5000
-3.6000 -0.5000 2.0000
-3.6000 -0.5000 2.5000
-3.6000 -0.5000 3.0000
-3.4000 -1.0000 0.0000
-3.4000 -1.0000 0.5000
-3.4000 -1.0000 1.0000
-3.4000 -1.0000 1.5000
-3.4000 -1.0000 2.0000
-3.4000 -1.0000 2.5000
-3.4000 -1.0000 3.0000
-3.4000 -0.5000 0.0000
-3.4000 -0.5000 0.5000
-3.4000 -0.5000 1.0000
-3.4000 -0.5000 1.5000
-3.4000 -0.5000 2.0000
-3.4000 -0.5000 2.5000
-3.4000 -0.5000 3.0000
-3.2000 -1.0000 0.0000
-3.2000 -1.0000 0.5000
-3.2000 -1.0000 1.0000
-3.2000 -1.0000 1.5000
-3.2000 -1.0000 2.0000
-3.2000 -1.0000 2.5000
-3.2000 -1.0000 3.0000
-3.2000 -0.5000 0.0000
-3.2000 -0.5000 0.5000
-3.2000 -0.5000 1.0000
-3.2000 -0.5000 1.5000
-3.2000 -0.5000 2.0000
-3.2000 -0.5000 2.5000
-3.2000 -0.5000 3.0000
-3.0000 -1.0000 0.0000
-3.0000 -1.0000 0.5000
-3.0000 -1.0000 1.0000
-3.0000 -1.0000 1.5000
-3.0000 -1.0000 2.0000
-3.0000 -1.0000 2.5000
-3.0000 -1.0000 3.0000
-3.0000 -0.5000 0.0000
-3.0000 -0.5000 0.5000
-3.0000 -0.5000 1.0000
-3.0000 -0.5000 1.5000
-3.0000 -0.5000 2.0000
-3.0000 -0.5000 2.5000
-3.0000 -0.5000 3.0000
-2.8000 -1.0000 0.0000
-2.8000 -1.0000 0.5000
-2.8000 -1.0000 1.0000
-2.8000 -1.0000 1.5000
-2.8000 -1.0000 2.0000
-2.8000 -1.0000 2.5000
-2.8000 -1.0000 3.0000
-2.8000 -0.5000 0.0000
-2.8000 -0.5000 0.5000
-2.8000 -0.5000 1.0000
-2.8000 -0.5000 1.5000
-2.8000 -0.5000 2.0000
-2.8000 -0.5000 2.5000
-2.8000 -0.5000 3.0000
-2.6000 -1.0000 0.0000
-2.6000 -1.0000 0.5000
-2.6000 -1.0000 1.0000
-2.6000 -1.0000 1.5000
-2.6000 -1.0000 2.0000
-2.6000 -1.0000 2.5000
-2.6000 -1.0000 3.0000
-2.6000 -0.5000 0.0000
-2.6000 -0.5000 0.5000
-2.6000 -0.5000 1.0000
-2.6000 -0.5000 1.5000
-2.6000 -0.5000 2.0000
-2.6000 -0.5000 2.5000
-2.6000 -0.5000 3.0000
-2.4000 -1.0000 0.0000
-2.4000 -1.0000 0.5000
-2.4000 -1.0000 1.0000
-2.4000 -1.0000 1.5000
-2.4000 -1.0000 2.0000
-2.4000 -1.0000 2.5000
-2.4000 -1.0000 3.0000
-2.4000 -0.5000 0.0000
-2.4000 -0.5000 0.5000
-2.4000 -0.5000 1.0000
-2.4000 -0.5000 1.5000
-2.4000 -0.5000 2.0000
-2.4000 -0.5000 2.5000
-2.4000 -0.5000 3.0000
-2.2000 -1.0000 0.0000
-2.2000 -1.0000 0.5000
-2.2000 -1.0000 1.0000
-2.2000 -1.0000 1.5000
-2.2000 -1.0000 2.0000
-2.2000 -1.0000 2.5000
-2.2000 -1.0000 3.0000
-2.2000 -0.5000 0.0000
-2.2000 -0.5000 0.5000
-2.2000 -0.5000 1.0000
-2.2000 -0.5000 1.5000
-2.2000 -0.5000 2.0000
-2.2000 -0.5000 2.5000
-2.2000 -0.5000 3.0000
-2.0000 -1.0000 0.0000
-2.0000 -1.0000 0.5000
-2.0000 -1.0000 1.0000
-2.0000 -1.0000 1.5000
-2.0000 -1.0000 2.0000
-2.0000 -1.0000 2.5000
-2.0000 -1.0000 3.0000
-2.0000 -0.5000 0.0000
-2.0000 -0.5000 0.5000
-2.0000 -0.5000 1.0000
-2.0000 -0.5000 1.5000
-2.0000 -0.5000 2.0000
-2.0000 -0.5000 2.5000
-2.0000 -0.5000 3.0000
-1.8000 -1.0000 0.0000
-1.8000 -1.0000 0.5000
-1.8000 -1.0000 1.0000
-1.8000 -1.0000 1.5000
-1.8000 -1.0000 2.0000
-1.8000 -1.0000 2.5000
-1.8000 -1.0000 3.0000
-1.8000 -0.5000 0.0000
-1.8000 -0.5000 0.5000
-1.8000 -0.5000 1.0000
-1.8000 -0.5000 1.5000
-1.8000 -0.5000 2.0000
-1.8000 -0.5000 2.5000
-1.8000 -0.5000 3.0000
-1.6000 -1.0000 0.0000
-1.6000 -1.0000 0.5000
-1.6000 -1.0000 1.0000
-1.6000 -1.0000 1.5000
-1.6000 -1.0000 2.0000
-1.6000 -1.0000 2.5000
-1.6000 -1.0000 3.0000
-1.6000 -0.5000 0.0000
-1.6000 -0.5000 0.5000
-1.6000 -0.5000 1.0000
-1.6000 -0.5000 1.5000
-1.6000 -0.5000 2.0000
-1.6000 -0.5000 2.5000
-1.6000 -0.5000 3.0000
-1.4000 -1.0000 0.0000
-1.4000 -1.0000 0.5000
-1.4000 -1.0000 1.0000
-1.4000 -1.0000 1.5000
-1.4000 -1.0000 2.0000
-1.4000 -1.0000 2.5000
-1.4000 -1.0000 3.0000
-1.4000 -0.5000 0.0000
-1.4000 -0.5000 0.5000
-1.4000 -0.5000 1.0000
-1.4000 -0.5000 1.5000
-1.4000 -0.5000 2.0000
-1.4000 -0.5000 2.5000
-1.4000 -0.5000 3.0000
-1.2000 -1.0000 0.0000
-1.2000 -1.0000 0.5000
-1.2000 -1.0000 1.0000
-1.2000 -1.0000 1.5000
-1.2000 -1.0000 2.0000
-1.2000 -1.0000 2.5000
-1.2000 -1.0000 3.0000
-1.2000 -0.5000 0.0000
-1.2000 -0.5000 0.5000
-1.2000 -0.5000 1.0000
-1.2000 -0.5000 1.5000
-1.2000 -0.5000 2.0000
-1.2000 -0.5000 2.5000
-1.2000 -0.5000 3.0000
-1.0000 -1.0000 0.0000
-1.0000 -1.0000 0.5000
-1.0000 -1.0000 1.0000
-1.0000 -1.0000 1.5000
-1.0000 -1.0000 2.0000
-1.0000 -1.0000 2.5000
-1.0000 -1.0000 3.0000
-1.0000 -0.5000 0.0000
-1.0000 -0.5000 0.5000
-1.0000 -0.5000 1.0000
-1.0000 -0.5000 1.5000
-1.0000 -0.5000 2.0000
-1.0000 -0.5000 2.5000
-1.0000 -0.5000 3.0000
-0.8000 -1.0000 0.0000
-0.8000 -1.0000 0.5000
-0.8000 -1.0000 1.0000
-0.8000 -1.0000 1.5000
-0.8000 -1.0000 2.0000
-0.8000 -1.0000 2.5000
-0.8000 -1.0000 3.0000
-0.8000 -0.5000 0.0000
-0.8000 -0.5000 0.5000
-0.8000 -0.5000 1.0000
-0.8000 -0.5000 1.5000
-0.8000 -0.5000 2.0000
-0.8000 -0.5000 2.5000
-0.8000 -0.5000 3.0000
-0.6000 -1.0000 0.0000
-0.6000 -1.0000 0.5000
-0.6000 -1.0000 1.0000
-0.6000 -1.0000 1.5000
-0.6000 -1.0000 2.0000
-0.6000 -1.0000 2.5000
-0.6000 -1.0000 3.0000
-0.6000 -0.5000 0.0000
-0.6000 -0.5000 0.5000
-0.6000 -0.5000 1.0000
-0.6000 -0.5000 1.5000
-0.6000 -0.5000 2.0000
-0.6000 -0.5000 2.5000
-0.6000 -0.5000 3.0000
-0.4000 -1.0000 0.0000
-0.4000 -1.0000 0.5000
-0.4000 -1.0000 1.0000
-0.4000 -1.0000 1.5000
-0.4000 -1.0000 2.0000
-0.4000 -1.0000 2.5000
-0.4000 -1.0000 3.0000
-0.4000 -0.5000 0.0000
-0.4000 -0.5000 0.5000
-0.4000 -0.5000 1.0000
-0.4000 -0.5000 1.5000
-0.4000 -0.5000 2.0000
-0.4000 -0.5000 2.5000
-0.4000 -0.5000 3.0000
-0.2000 -1.0000 0.0000
-0.2000 -1.0000 0.5000
-0.2000 -1.0000 1.0000
-0.2000 -1.0000 1.5000
-0.2000 -1.0000 2.0000
-0.2000 -1.0000 2.5000
-0.2000 -1.0000 3.0000
-0.2000 -0.5000 0.0000
-0.2000 -0.5000 0.5000
-0.2000 -0.5000 1.0000
-0.2000 -0.5000 1.5000
-0.2000 -0.5000 2.0000
-0.2000 -0.5000 2.5000
-0.2000 -0.5000 3.0000
-0.0000 -1.0000 0.0000
-0.0000 -1.0000 0.5000
-0.0000 -1.0000 1.0000
-0.0000 -1.0000 1.5000
-0.0000 -1.0000 2.0000
-0.0000 -1.0000 2.5000
-0.0000 -1.0000 3.0000
-0.0000 -0.5000 0.0000
-0.0000 -0.5000 0.5000
-0.0000 -0.5000 1.0000
-0.0000 -0.5000 1.5000
-0.0000 -0.5000 2.0000
-0.0000 -0.5000 2.5000
-0.0000 -0.5000 3.0000
0.2000 -1.0000 0.0000
0.2000 -1.0000 0.5000
0.2000 -1.0000 1.0000
0.2000 -1.0000 1.5000
0.2000 -1.0000 2.0000
0.2000 -1.0000 2.5000
0.2000 -1.0000 3.0000
0.2000 -0.5000 0.0000
0.2000 -0.5000 0.5000
0.2000 -0.5000 1.0000
0.2000 -0.5000 1.5000
0.2000 -0.5000 2.0000
0.2000 -0.5000 2.5000
0.2000 -0.5000 3.0000
0.4000 -1.0000 0.0000
0.4000 -1.0000 0.5000
0.4000 -1.0000 1.0000
0.4000 -1.0000 1.5000
0.4000 -1.0000 2.0000
0.4000 -1.0000 2.5000
0.4000 -1.0000 3.0000
0.4000 -0.5000 0.0000
0.4000 -0.5000 0.5000
0.4000 -0.5000 1.0000
0.4000 -0.5000 1.5000
0.4000 -0.5000 2.0000
0.4000 -0.5000 2.5000
0.4000 -0.5000 3.0000
0.6000 -1.0000 0.0000
0.6000 -1.0000 0.5000
0.6000 -1.0000 1.0000
0.6000 -1.0000 1.5000
0.6000 -1.0000 2.0000
0.6000 -1.0000 2.5000
0.6000 -1.0000 3.0000
0.6000 -0.5000 0.0000
0.6000 -0.5000 0.5000
0.6000 -0.5000 1.0000
0.6000 -0.5000 1.5000
0.6000 -0.5000 2.0000
0.6000 -0.5000 2.5000
0.6000 -0.5000 3.0000
0.8000 -1.0000 0.0000
0.8000 -1.0000 0.5000
0.8000 -1.0000 1.0000
0.8000 -1.0000 1.5000
0.8000 -1.0000 2.0000
0.8000 -1.0000 2.5000
0.8000 -1.0000 3.0000
0.8000 -0.5000 0.0000
0.8000 -0.5000 0.5000
0.8000 -0.5000 1.0000
0.8000 -0.5000 1.5000
0.8000 -0.5000 2.0000
0.8000 -0.5000 2.5000
0.8000 -0.5000 3.0000
1.0000 -1.0000 0.0000
1.0000 -1.0000 0.5000
1.0000 -1.0000 1.0000
1.0000 -1.0000 1.5000
1.0000 -1.0000 2.0000
1.0000 -1.0000 2.5000
1.0000 -1.0000 3.0000
1.0000 -0.5000 0.0000
1.0000 -0.5000 0.5000
1.0000 -0.5000 1.0000
1.0000 -0.5000 1.5000
1.0000 -0.5000 2.0000
1.0000 -0.5000 2.5000
1.0000 -0.5000 3.0000
1.2000 -1.0000 0.0000
1.2000 -1.0000 0.5000
1.2000 -1.0000 1.0000
1.2000 -1.0000 1.5000
1.2000 -1.0000 2.0000
1.2000 -1.0000 2.5000
1.2000 -1.0000 3.0000
1.2000 -0.5000 0.0000
1.2000 -0.5000 0.5000
1.2000 -0.5000 1.0000
1.2000 -0.5000 1.5000
1.2000 -0.5000 2.0000
1.2000 -0.5000 2.5000
1.2000 -0.5000 3.0000
1.4000 -1.0000 0.0000
1.4000 -1.0000 0.5000
1.4000 -1.0000 1.0000
1.4000 -1.0000 1.5000
1.4000 -1.0000 2.0000
1.4000 -1.0000 2.5000
1.4000 -1.0000 3.0000
1.4000 -0.5000 0.0000
1.4000 -0.5000 0.5000
1.4000 -0.5000 1.0000
1.4000 -0.5000 1.5000
1.4000 -0.5000 2.0000
1.4000 -0.5000 2.5000
1.4000 -0.5000 3.0000
1.6000 -1.0000 0.0000
1.6000 -1.0000 0.5000
1.6000 -1.0000 1.0000
1.6000 -1.0000 1.5000
1.6000 -1.0000 2.0000
1.6000 -1.0000 2.5000
1.6000 -1.0000 3.0000
1.6000 -0.5000 0.0000
1.6000 -0.5000 0.5000
1.6000 -0.5000 1.0000
1.6000 -0.5000 1.5000
1.6000 -0.5000 2.0000
1.6000 -0.5000 2.5000
1.6000 -0.5000 3.0000
1.8000 -1.0000 0.0000
1.8000 -1.0000 0.5000
1.8000 -1.0000 1.0000
1.8000 -1.0000 1.5000
1.8000 -1.0000 2.0000
1.8000 -1.0000 2.5000
1.8000 -1.0000 3.0000
1.8000 -0.5000 0.0000
1.8000 -0.5000 0.5000
1.8000 -0.5000 1.0000
1.8000 -0.5000 1.5000
1.8000 -0.5000 2.0000
1.8000 -0.5000 2.5000
1.8000 -0.5000 3.0000
2.0000 -1.0000 0.0000
2.0000 -1.0000 0.5000
2.0000 -1.0000 1.0000
2.0000 -1.0000 1.5000
2.0000 -1.0000 2.0000
2.0000 -1.0000 2.5000
2.0000 -1.0000 3.0000
2.0000 -0.5000 0.0000
2.0000 -0.5000 0.5000
2.0000 -0.5000 1.0000
2.0000 -0.5000 1.5000
2.0000 -0.5000 2.0000
2.0000 -0.5000 2.5000
2.0000 -0.5000 3.0000
2.2000 -1.0000 0.0000
2.2000 -1.0000 0.5000
2.2000 -1.0000 1.0000
2.2000 -1.0000 1.5000
2.2000 -1.0000 2.0000
2.2000 -1.0000 2.5000
2.2000 -1.0000 3.0000
2.2000 -0.5000 0.0000
2.2000 -0.5000 0.5000
2.2000 -0.5000 1.0000
2.2000 -0.5000 1.5000
2.2000 -0.5000 2.0000
2.2000 -0.5000 2.5000
2.2000 -0.5000 3.0000
2.4000 -1.0000 0.0000
2.4000 -1.0000 0.5000
2.4000 -1.0000 1.0000
2.4000 -1.0000 1.5000
2.4000 -1.0000 2.0000
2.4000 -1.0000 2.5000
2.4000 -1.0000 3.0000
2.4000 -0.5000 0.0000
2.4000 -0.5000 0.5000
2.4000 -0.5000 1.0000
2.4000 -0.5000 1.5000
2.4000 -0.5000 2.0000
2.4000 -0.5000 2.5000
2.4000 -0.5000 3.0000
2.6000 -1.0000 0.0000
2.6000 -1.0000 0.5000
2.6000 -1.0000 1.0000
2.6000 -1.0000 1.5000
2.6000 -1.0000 2.0000
2.6000 -1.0000 2.5000
2.6000 -1.0000 3.0000
2.6000 -0.5000 0.0000
2.6000 -0.5000 0.5000
2.6000 -0.5000 1.0000
2.6000 -0.5000 1.5000
2.6000 -0.5000 2.0000
2.6000 -0.5000 2.5000
2.6000 -0.5000 3.0000
2.8000 -1.0000 0.0000
2.8000 -1.0000 0.5000
2.8000 -1.0000 1.0000
2.8000 -1.0000 1.5000
2.8000 -1.0000 2.0000
2.8000 -1.0000 2.5000
2.8000 -1.0000 3.0000
2.8000 -0.5000 0.0000
2.8000 -0.5000 0.5000
2.8000 -0.5000 1.0000
2.8000 -0.5000 1.5000
2.8000 -0.5000 2.0000
2.8000 -0.5000 2.5000
2.8000 -0.5000 3.0000
3.0000 -1.0000 0.0000
3.0000 -1.0000 0.5000
3.0000 -1.0000 1.0000
3.0000 -1.0000 1.5000
3.0000 -1.0000 2.0000
3.0000 -1.0000 2.5000
3.0000 -1.0000 3.0000
3.0000 -0.5000 0.0000
3.0000 -0.5000 0.5000
3.0000 -0.5000 1.0000
3.0000 -0.5000 1.5000
3.0000 -0.5000 2.0000
3.0000 -0.5000 2.5000
3.0000 -0.5000 3.0000
3.2000 -1.0000 0.0000
3.2000 -1.0000 0.5000
3.2000 -1.0000 1.0000
3.2000 -1.0000 1.5000
3.2000 -1.0000 2.0000
3.2000 -1.0000 2.5000
3.2000 -1.0000 3.0000
3.2000 -0.5000 0.0000
3.2000 -0.5000 0.5000
3.2000 -0.5000 1.0000
3.2000 -0.5000 1.5000
3.2000 -0.5000 2.0000
3.2000 -0.5000 2.5000
3.2000 -0.5000 3.0000
3.4000 -1.0000 0.0000
3.4000 -1.0000 0.5000
3.4000 -1.0000 1.0000
3.4000 -1.0000 1.5000
3.4000 -1.0000 2.0000
3.4000 -1.0000 2.5000
3.4000 -1.0000 3.0000
3.4000 -0.5000 0.0000
3.4000 -0.5000 0.5000
3.4000 -0.5000 1.0000
3.4000 -0.5000 1.5000
3.4000 -0.5000 2.0000
3.4000 -0.5000 2.5000
3.4000 -0.5000 3.0000
3.6000 -1.0000 0.0000
3.6000 -1.0000 0.5000
3.6000 -1.0000 1.0000
3.6000 -1.0000 1.5000
3.6000 -1.0000 2.0000
3.6000 -1.0000 2.5000
3.6000 -1.0000 3.0000
3.6000 -0.5000 0.0000
3.6000 -0.5000 0.5000
3.6000 -0.5000 1.0000
3.6000 -0.5000 1.5000
3.6000 -0.5000 2.0000
3.6000 -0.5000 2.5000
3.6000 -0.5000 3.0000
3.8000 -1.0000 0.0000
3.8000 -1.0000 0.5000
3.8000 -1.0000 1.0000
3.8000 -1.0000 1.5000
3.8000 -1.0000 2.0000
3.8000 -1.0000 2.5000
3.8000 -1.0000 3.0000
3.8000 -0.5000 0.0000
3.8000 -0.5000 0.5000
3.8000 -0.5000 1.0000
3.8000 -0.5000 1.5000
3.8000 -0.5000 2.0000
3.8000 -0.5000 2.5000
3.8000 -0.5000 3.0000
4.0000 -1.0000 0.0000
4.0000 -1.0000 0.5000
4.0000 -1.0000 1.0000
4.0000 -1.0000 1.5000
4.0000 -1.0000 2.0000
4.0000 -1.0000 2.5000
4.0000 -1.0000 3.0000
4.0000 -0.5000 0.0000
4.0000 -0.5000 0.5000
4.0000 -0.5000 1.0000
4.0000 -0.5000 1.5000
4.0000 -0.5000 2.0000
4.0000 -0.5000 2.5000
4.0000 -0.5000 3.0000
4.2000 -1.0000 0.0000
4.2000 -1.0000 0.5000
4.2000 -1.0000 1.0000
4.2000 -1.0000 1.5000
4.2000 -1.0000 2.0000
4.2000 -1.0000 2.5000
4.2000 -1.0000 3.0000
4.2000 -0.5000 0.0000
4.2000 -0.5000 0.5000
4.2000 -0.5000 1.0000
4.2000 -0.5000 1.5000
4.2000 -0.5000 2.0000
4.2000 -0.5000 2.5000
4.2000 -0.5000 3.0000
4.4000 -1.0000 0.0000
4.4000 -1.0000 0.5000
4.4000 -1.0000 1.0000
4.4000 -1.0000 1.5000
4.4000 -1.0000 2.0000
4.4000 -1.0000 2.5000
4.4000 -1.0000 3.0000
4.4000 -0.5000 0.0000
4.4000 -0.5000 0.5000
4.4000 -0.5000 1.0000
4.4000 -0.5000 1.5000
4.4000 -0.5000 2.0000
4.4000 -0.5000 2.5000
4.4000 -0.5000 3.0000
4.6000 -1.0000 0.0000
4.6000 -1.0000 0.5000
4.6000 -1.0000 1.0000
4.6000 -1.0000 1.5000
4.6000 -1.0000 2.0000
4.6000 -1.0000 2.5000
4.6000 -1.0000 3.0000
4.6000 -0.5000 0.0000
4.6000 -0.5000 0.5000
4.6000 -0.5000 1.0000
4.6000 -0.5000 1.5000
4.6000 -0.5000 2.0000
4.6000 -0.5000 2.5000
4.6000 -0.5000 3.0000
4.8000 -1.0000 0.0000
4.8000 -1.0000 0.5000
4.8000 -1.0000 1.0000
4.8000 -1.0000 1.5000
4.8000 -1.0000 2.0000
4.8000 -1.0000 2.5000
4.8000 -1.0000 3.0000
4.8000 -0.5000 0.0000
4.8000 -0.5000 0.5000
4.8000 -0.5000 1.0000
4.8000 -0.5000 1.5000
4.8000 -0.5000 2.0000
4.8000 -0.5000 2.5000
4.8000 -0.5000 3.0000
5.0000 -1.0000 0.0000
5.0000 -1.0000 0.5000
5.0000 -1.0000 1.0000
5.0000 -1.0000 1.5000
5.0000 -1.0000 2.0000
5.0000 -1.0000 2.5000
5.0000 -1.0000 3.0000
5.0000 -0.5000 0.0000
5.0000 -0.5000 0.5000
5.0000 -0.5000 1.0000
5.0000 -0.5000 1.5000
5.0000 -0.5000 2.0000
5.0000 -0.5000 2.5000
5.0000 -0.5000 3.0000
5.2000 -1.0000 0.0000
5.2000 -1.0000 0.5000
5.2000 -1.0000 1.0000
5.2000 -1.0000 1.5000
5.2000 -1.0000 2.0000
5.2000 -1.0000 2.5000
5.2000 -1.0000 3.0000
5.2000 -0.5000 0.0000
5.2000 -0.5000 0.5000
5.2000 -0.5000 1.0000
5.2000 -0.5000 1.5000
5.2000 -0.5000 2.0000
5.2000 -0.5000 2.5000
5.2000 -0.5000 3.0000
5.4000 -1.0000 0.0000
5.4000 -1.0000 0.5000
5.4000 -1.0000 1.0000
5.4000 -1.0000 1.5000
5.4000 -1.0000 2.0000
5.4000 -1.0000 2.5000
5.4000 -1.0000 3.0000
5.4000 -0.5000 0.0000
5.4000 -0.5000 0.5000
5.4000 -0.5000 1.0000
5.4000 -0.5000 1.5000
5.4000 -0.5000 2.0000
5.4000 -0.5000 2.5000
5.4000 -0.5000 3.0000
5.6000 -1.0000 0.0000
5.6000 -1.0000 0.5000
5.6000 -1.0000 1.0000
5.6000 -1.0000 1.5000
5.6000 -1.0000 2.0000
5.6000 -1.0000 2.5000
5.6000 -1.0000 3.0000
5.6000 -0.5000 0.0000
5.6000 -0.5000 0.5000
5.6000 -0.5000 1.0000
5.6000 -0.5000 1.5000
5.6000 -0.5000 2.0000
5.6000 -0.5000 2.5000
5.6000 -0.5000 3.0000
5.8000 -1.0000 0.0000
5.8000 -1.0000 0.5000
5.8000 -1.0000 1.0000
5.8000 -1.0000 1.5000
5.8000 -1.0000 2.0000
5.8000 -1.0000 2.5000
5.8000 -1.0000 3.0000
5.8000 -0.5000 0.0000
5.8000 -0.5000 0.5000
5.8000 -0.5000 1.0000
5.8000 -0.5000 1.5000
5.8000 -0.5000 2.0000
5.8000 -0.5000 2.5000
5.8000 -0.5000 3.0000
6.0000 -1.0000 0.0000
6.0000 -1.0000 0.5000
6.0000 -1.0000 1.0000
6.0000 -1.0000 1.5000
6.0000 -1.0000 2.0000
6.0000 -1.0000 2.5000
6.0000 -1.0000 3.0000
6.0000 -0.5000 0.0000
6.0000 -0.5000 0.5000
6.0000 -0.5000 1.0000
6.0000 -0.5000 1.5000
6.0000 -0.5000 2.0000
6.0000 -0.5000 2.5000
6.0000 -0.5000 3.0000
6.2000 -1.0000 0.0000
6.2000 -1.0000 0.5000
6.2000 -1.0000 1.0000
6.2000 -1.0000 1.5000
6.2000 -1.0000 2.0000
6.2000 -1.0000 2.5000
6.2000 -1.0000 3.0000
6.2000 -0.5000 0.0000
6.2000 -0.5000 0.5000
6.2000 -0.5000 1.0000
6.2000 -0.5000 1.5000
6.2000 -0.5000 2.0000
6.2000 -0.5000 2.5000
6.2000 -0.5000 3.0000
6.4000 -1.0000 0.0000
6.4000 -1.0000 0.5000
6.4000 -1.0000 1.0000
6.4000 -1.0000 1.5000
6.4000 -1.0000 2.0000
6.4000 -1.0000 2.5000
6.4000 -1.0000 3.0000
6.4000 -0.5000 0.0000
6.4000 -0.5000 0.5000
6.4000 -0.5000 1.0000
6.4000 -0.5000 1.5000
6.4000 -0.5000 2.0000
6.4000 -0.5000 2.5000
6.4000 -0.5000 3.0000
6.6000 -1.0000 0.0000
6.6000 -1.0000 0.5000
6.6000 -1.0000 1.0000
6.6000 -1.0000 1.5000
6.6000 -1.0000 2.0000
6.6000 -1.0000 2.5000
6.6000 -1.0000 3.0000
6.6000 -0.5000 0.0000
6.6000 -0.5000 0.5000
6.6000 -0.5000 1.0000
6.6000 -0.5000 1.5000
6.6000 -0.5000 2.0000
6.6000 -0.5000 2.5000
6.6000 -0.5000 3.0000
6.8000 -1.0000 0.0000
6.8000 -1.0000 0.5000
6.8000 -1.0000 1.0000
6.8000 -1.0000 1.5000
6.8000 -1.0000 2.0000
6.8000 -1.0000 2.5000
6.8000 -1.0000 3.0000
6.8000 -0.5000 0.0000
6.8000 -0.5000 0.5000
6.8000 -0.5000 1.0000
6.8000 -0.5000 1.5000
6.8000 -0.5000 2.0000
6.8000 -0.5000 2.5000
6.8000 -0.5000 3.0000
7.0000 -1.0000 0.0000
7.0000 -1.0000 0.5000
7.0000 -1.0000 1.0000
7.0000 -1.0000 1.5000
7.0000 -1.0000 2.0000
7.0000 -1.0000 2.5000
7.0000 -1.0000 3.0000
7.0000 -0.5000 0.0000
7.0000 -0.5000 0.5000
7.0000 -0.5000 1.0000
7.0000 -0.5000 1.5000
7.0000 -0.5000 2.0000
7.0000 -0.5000 2.5000
7.0000 -0.5000 3.0000
7.2000 -1.0000 0.0000
7.2000 -1.0000 0.5000
7.2000 -1.0000 1.0000
7.2000 -1.0000 1.5000
7.2000 -1.0000 2.0000
7.2000 -1.0000 2.5000
7.2000 -1.0000 3.0000
7.2000 -0.5000 0.0000
7.2000 -0.5000 0.5000
7.2000 -0.5000 1.0000
7.2000 -0.5000 1.5000
7.2000 -0.5000 2.0000
7.2000 -0.5000 2.5000
7.2000 -0.5000 3.0000
7.4000 -1.0000 0.0000
7.4000 -1.0000 0.5000
7.4000 -1.0000 1.0000
7.4000 -1.0000 1.5000
7.4000 -1.0000 2.0000
7.4000 -1.0000 2.5000
7.4000 -1.0000 3.0000
7.4000 -0.5000 0.0000
7.4000 -0.5000 0.5000
7.4000 -0.5000 1.0000
7.4000 -0.5000 1.5000
7.4000 -0.5000 2.0000
7.4000 -0.5000 2.5000
7.4000 -0.5000 3.0000
7.6000 -1.0000 0.0000
7.6000 -1.0000 0.5000
7.6000 -1.0000 1.0000
7.6000 -1.0000 1.5000
7.6000 -1.0000 2.0000
7.6000 -1.0000 2.5000
7.6000 -1.0000 3.0000
7.6000 -0.5000 0.0000
7.6000 -0.5000 0.5000
7.6000 -0.5000 1.0000
7.6000 -0.5000 1.5000
7.6000 -0.5000 2.0000
7.6000 -0.5000 2.5000
7.6000 -0.5000 3.0000
7.8000 -1.0000 0.0000
7.8000 -1.0000 0.5000
7.8000 -1.0000 1.0000
7.8000 -1.0000 1.5000
7.8000 -1.0000 2.0000
7.8000 -1.0000 2.5000
7.8000 -1.0000 3.0000
7.8000 -0.5000 0.0000
7.8000 -0.5000 0.5000
7.8000 -0.5000 1.0000
7.8000 -0.5000 1.5000
7.8000 -0.5000 2.0000
7.8000 -0.5000 2.5000
7.8000 -0.5000 3.0000
8.0000 -1.0000 0.0000
8.0000 -1.0000 0.5000
8.0000 -1.0000 1.0000
8.0000 -1.0000 1.5000
8.0000 -1.0000 2.0000
8.0000 -1.0000 2.5000
8.0000 -1.0000 3.0000
8.0000 -0.5000 0.0000
8.0000 -0.5000 0.5000
8.0000 -0.5000 1.0000
8.0000 -0.5000 1.5000
8.0000 -0.5000 2.0000
8.0000 -0.5000 2.5000
8.0000 -0.5000 3.0000
8.2000 -1.0000 0.0000
8.2000 -1.0000 0.5000
8.2000 -1.0000 1.0000
8.2000 -1.0000 1.5000
8.2000 -1.0000 2.0000
8.2000 -1.0000 2.5000
8.2000 -1.0000 3.0000
8.2000 -0.5000 0.0000
8.2000 -0.5000 0.5000
8.2000 -0.5000 1.0000
8.2000 -0.5000 1.5000
8.2000 -0.5000 2.0000
8.2000 -0.5000 2.5000
8.2000 -0.5000 3.0000
8.4000 -1.0000 0.0000
8.4000 -1.0000 0.5000
8.4000 -1.0000 1.0000
8.4000 -1.0000 1.5000
8.4000 -1.0000 2.0000
8.4000 -1.0000 2.5000
8.4000 -1.0000 3.0000
8.4000 -0.5000 0.0000
8.4000 -0.5000 0.5000
8.4000 -0.5000 1.0000
8.4000 -0.5000 1.5000
8.4000 -0.5000 2.0000
8.4000 -0.5000 2.5000
8.4000 -0.5000 3.0000
8.6000 -1.0000 0.0000
8.6000 -1.0000 0.5000
8.6000 -1.0000 1.0000
8.6000 -1.0000 1.5000
8.6000 -1.0000 2.0000
8.6000 -1.0000 2.5000
8.6000 -1.0000 3.0000
8.6000 -0.5000 0.0000
8.6000 -0.5000 0.5000
8.6000 -0.5000 1.0000
8.6000 -0.5000 1.5000
8.6000 -0.5000 2.0000
8.6000 -0.5000 2.5000
8.6000 -0.5000 3.0000
8.8000 -1.0000 0.0000
8.8000 -1.0000 0.5000
8.8000 -1.0000 1.0000
8.8000 -1.0000 1.5000
8.8000 -1.0000 2.0000
8.8000 -1.0000 2.5000
8.8000 -1.0000 3.0000
8.8000 -0.5000 0.0000
8.8000 -0.5000 0.5000
8.8000 -0.5000 1.0000
8.8000 -0.5000 1.5000
8.8000 -0.5000 2.0000
8.8000 -0.5000 2.5000
8.8000 -0.5000 3.0000
9.0000 -1.0000 0.0000
9.0000 -1.0000 0.5000
9.0000 -1.0000 1.0000
9.0000 -1.0000 1.5000
9.0000 -1.0000 2.0000
9.0000 -1.0000 2.5000
9.0000 -1.0000 3.0000
9.0000 -0.5000 0.0000
9.0000 -0.5000 0.5000
9.0000 -0.5000 1.0000
9.0000 -0.5000 1.5000
9.0000 -0.5000 2.0000
9.0000 -0.5000 2.5000
9.0000 -0.5000 3.0000
9.2000 -1.0000 0.0000
9.2000 -1.0000 0.5000
9.2000 -1.0000 1.0000
9.2000 -1.0000 1.5000
9.2000 -1.0000 2.0000
9.2000 -1.0000 2.5000
9.2000 -1.0000 3.0000
9.2000 -0.5000 0.0000
9.2000 -0.5000 0.5000
9.2000 -0.5000 1.0000
9.2000 -0.5000 1.5000
9.2000 -0.5000 2.0000
9.2000 -0.5000 2.5000
9.2000 -0.5000 3.0000
9.4000 -1.0000 0.0000
9.4000 -1.0000 0.5000
9.4000 -1.0000 1.0000
9.4000 -1.0000 1.5000
9.4000 -1.0000 2.0000
9.4000 -1.0000 2.5000
9.4000 -1.0000 3.0000
9.4000 -0.5000 0.0000
9.4000 -0.5000 0.5000
9.4000 -0.5000 1.0000
9.4000 -0.5000 1.5000
9.4000 -0.5000 2.0000
9.4000 -0.5000 2.5000
9.4000 -0.5000 3.0000
9.6000 -1.0000 0.0000
9.6000 -1.0000 0.5000
9.6000 -1.0000 1.0000
9.6000 -1.0000 1.5000
9.6000 -1.0000 2.0000
9.6000 -1.0000 2.5000
9.6000 -1.0000 3.0000
9.6000 -0.5000 0.0000
9.6000 -0.5000 0.5000
9.6000 -0.5000 1.0000
9.6000 -0.5000 1.5000
9.6000 -0.5000 2.0000
9.6000 -0.5000 2.5000
9.6000 -0.5000 3.0000
9.8000 -1.0000 0.0000
9.8000 -1.0000 0.5000
9.8000 -1.0000 1.0000
9.8000 -1.0000 1.5000
9.8000 -1.0000 2.0000
9.8000 -1.0000 2.5000
9.8000 -1.0000 3.0000
9.8000 -0.5000 0.0000
9.8000 -0.5000 0.5000
9.8000 -0.5000 1.0000
9.8000 -0.5000 1.5000
9.8000 -0.5000 2.0000
9.8000 -0.5000 2.5000
9.8000 -0.5000 3.0000
10.0000 -1.0000 0.0000
10.0000 -1.0000 0.5000
10.0000 -1.0000 1.0000
10.0000 -1.0000 1.5000
10.0000 -1.0000 2.0000
10.0000 -1.0000 2.5000
10.0000 -1.0000 3.0000
10.0000 -0.5000 0.0000
10.0000 -0.5000 0.5000
10.0000 -0.5000 1.0000
10.0000 -0.5000 1.5000
10.0000 -0.5000 2.0000
10.0000 -0.5000 2.5000
10.0000 -0.5000 3.0000
10.2000 -1.0000 0.0000
10.2000 -1.0000 0.5000
10.2000 -1.0000 1.0000
10.2000 -1.0000 1.5000
10.2000 -1.0000 2.0000
10.2000 -1.0000 2.5000
10.2000 -1.0000 3.0000
10.2000 -0.5000 0.0000
10.2000 -0.5000 0.5000
10.2000 -0.5000 1.0000
10.2000 -0.5000 1.5000
10.2000 -0.5000 2.0000
10.2000 -0.5000 2.5000
10.2000 -0.5000 3.0000
10.4000 -1.0000 0.0000
10.4000 -1.0000 0.5000
10.4000 -1.0000 1.0000
10.4000 -1.0000 1.5000
10.4000 -1.0000 2.0000
10.4000 -1.0000 2.5000
10.4000 -1.0000 3.0000
10.4000 -0.5000 0.0000
10.4000 -0.5000 0.5000
10.4000 -0.5000 1.0000
10.4000 -0.5000 1.5000
10.4000 -0.5000 2.0000
10.4000 -0.5000 2.5000
10.4000 -0.5000 3.0000
10.6000 -1.0000 0.0000
10.6000 -1.0000 0.5000
10.6000 -1.0000 1.0000
10.6000 -1.0000 1.5000
10.6000 -1.0000 2.0000
10.6000 -1.0000 2.5000
10.6000 -1.0000 3.0000
10.6000 -0.5000 0.0000
10.6000 -0.5000 0.5000
10.6000 -0.5000 1.0000
10.6000 -0.5000 1.5000
10.6000 -0.5000 2.0000
10.6000 -0.5000 2.5000
10.6000 -0.5000 3.0000
10.8000 -1.0000 0.0000
10.8000 -1.0000 0.5000
10.8000 -1.0000 1.0000
10.8000 -1.0000 1.5000
10.8000 -1.0000 2.0000
10.8000 -1.0000 2.5000
10.8000 -1.0000 3.0000
10.8000 -0.5000 0.0000
10.8000 -0.5000 0.5000
10.8000 -0.5000 1.0000
10.8000 -0.5000 1.5000
10.8000 -0.5000 2.0000
10.8000 -0.5000 2.5000
10.8000 -0.5000 3.0000
11.0000 -1.0000 0.0000
11.0000 -1.0000 0.5000
11.0000 -1.0000 1.0000
11.0000 -1.0000 1.5000
11.0000 -1.0000 2.0000
11.0000 -1.0000 2.5000
11.0000 -1.0000 3.0000
11.0000 -0.5000 0.0000
11.0000 -0.5000 0.5000
11.0000 -0.5000 1.0000
11.0000 -0.5000 1.5000
11.0000 -0.5000 2.0000
11.0000 -0.5000 2.5000
11.0000 -0.5000 3.0000
11.2000 -1.0000 0.0000
11.2000 -1.0000 0.5000
11.2000 -1.0000 1.0000
11.2000 -1.0000 1.5000
11.2000 -1.0000 2.0000
11.2000 -1.0000 2.5000
11.2000 -1.0000 3.0000
11.2000 -0.5000 0.0000
11.2000 -0.5000 0.5000
11.2000 -0.5000 1.0000
11.2000 -0.5000 1.5000
11.2000 -0.5000 2.0000
11.2000 -0.5000 2.5000
11.2000 -0.5000 3.0000
11.4000 -1.0000 0.0000
11.4000 -1.0000 0.5000
11.4000 -1.0000 1.0000
11.4000 -1.0000 1.5000
11.4000 -1.0000 2.0000
11.4000 -1.0000 2.5000
11.4000 -1.0000 3.0000
11.4000 -0.5000 0.0000
11.4000 -0.5000 0.5000
11.4000 -0.5000 1.0000
11.4000 -0.5000 1.5000
11.4000 -0.5000 2.0000
11.4000 -0.5000 2.5000
11.4000 -0.5000 3.0000
11.6000 -1.0000 0.0000
11.6000 -1.0000 0.5000
11.6000 -1.0000 1.0000
11.6000 -1.0000 1.5000
11.6000 -1.0000 2.0000
11.6000 -1.0000 2.5000
11.6000 -1.0000 3.0000
11.6000 -0.5000 0.0000
11.6000 -0.5000 0.5000
11.6000 -0.5000 1.0000
11.6000 -0.5000 1.5000
11.6000 -0.5000 2.0000
11.6000 -0.5000 2.5000
11.6000 -0.5000 3.0000
11.8000 -1.0000 0.0000
11.8000 -1.0000 0.5000
11.8000 -1.0000 1.0000
11.8000 -1.0000 1.5000
11.8000 -1.0000 2.0000
11.8000 -1.0000 2.5000
11.8000 -1.0000 3.0000
11.8000 -0.5000 0.0000
11.8000 -0.5000 0.5000
11.8000 -0.5000 1.0000
11.8000 -0.5000 1.5000
11.8000 -0.5000 2.0000
11.8000 -0.5000 2.5000
11.8000 -0.5000 3.0000
12.0000 -1.0000 0.0000
12.0000 -1.0000 0.5000
12.0000 -1.0000 1.0000
12.0000 -1.0000 1.5000
12.0000 -1.0000 2.0000
12.0000 -1.0000 2.5000
12.0000 -1.0000 3.0000
12.0000 -0.5000 0.0000
12.0000 -0.5000 0.5000
12.0000 -0.5000 1.0000
12.0000 -0.5000 1.5000
12.0000 -0.5000 2.0000
12.0000 -0.5000 2.5000
12.0000 -0.5000 3.0000
12.2000 -1.0000 0.0000
12.2000 -1.0000 0.5000
12.2000 -1.0000 1.0000
12.2000 -1.0000 1.5000
12.2000 -1.0000 2.0000
12.2000 -1.0000 2.5000
12.2000 -1.0000 3.0000
12.2000 -0.5000 0.0000
12.2000 -0.5000 0.5000
12.2000 -0.5000 1.0000
12.2000 -0.5000 1.5000
12.2000 -0.5000 2.0000
12.2000 -0.5000 2.5000
12.2000 -0.5000 3.0000
12.4000 -1.0000 0.0000
12.4000 -1.0000 0.5000
12.4000 -1.0000 1.0000
12.4000 -1.0000 1.5000
12.4000 -1.0000 2.0000
12.4000 -1.0000 2.5000
12.4000 -1.0000 3.0000
12.4000 -0.5000 0.0000
12.4000 -0.5000 0.5000
12.4000 -0.5000 1.0000
12.4000 -0.5000 1.5000
12.4000 -0.5000 2.0000
12.4000 -0.5000 2.5000
12.4000 -0.5000 3.0000
12.6000 -1.0000 0.0000
12.6000 -1.0000 0.5000
12.6000 -1.0000 1.0000
12.6000 -1.0000 1.5000
12.6000 -1.0000 2.0000
12.6000 -1.0000 2.5000
12.6000 -1.0000 3.0000
12.6000 -0.5000 0.0000
12.6000 -0.5000 0.5000
12.6000 -0.5000 1.0000
12.6000 -0.5000 1.5000
12.6000 -0.5000 2.0000
12.6000 -0.5000 2.5000
12.6000 -0.5000 3.0000
12.8000 -1.0000 0.0000
12.8000 -1.0000 0.5000
12.8000 -1.0000 1.0000
12.8000 -1.0000 1.5000
12.8000 -1.0000 2.0000
12.8000 -1.0000 2.5000
12.8000 -1.0000 3.0000
12.8000 -0.5000 0.0000
12.8000 -0.5000 0.5000
12.8000 -0.5000 1.0000
12.8000 -0.5000 1.5000
12.8000 -0.5000 2.0000
12.8000 -0.5000 2.5000
12.8000 -0.5000 3.0000
13.0000 -1.0000 0.0000
13.0000 -1.0000 0.5000
13.0000 -1.0000 1.0000
13.0000 -1.0000 1.5000
13.0000 -1.0000 2.0000
13.0000 -1.0000 2.5000
13.0000 -1.0000 3.0000
13.0000 -0.5000 0.0000
13.0000 -0.5000 0.5000
13.0000 -0.5000 1.0000
13.0000 -0.5000 1.5000
13.0000 -0.5000 2.0000
13.0000 -0.5000 2.5000
13.0000 -0.5000 3.0000
13.2000 -1.0000 0.0000
13.2000 -1.0000 0.5000
13.2000 -1.0000 1.0000
13.2000 -1.0000 1.5000
13.2000 -1.0000 2.0000
13.2000 -1.0000 2.5000
13.2000 -1.0000 3.0000
13.2000 -0.5000 0.0000
13.2000 -0.5000 0.5000
13.2000 -0.5000 1.0000
13.2000 -0.5000 1.5000
13.2000 -0.5000 2.0000
13.2000 -0.5000 2.5000
13.2000 -0.5000 3.0000
13.4000 -1.0000 0.0000
13.4000 -1.0000 0.5000
13.4000 -1.0000 1.0000
13.4000 -1.0000 1.5000
13.4000 -1.0000 2.0000
13.4000 -1.0000 2.5000
13.4000 -1.0000 3.0000
13.4000 -0.5000 0.0000
13.4000 -0.5000 0.5000
13.4000 -0.5000 1.0000
13.4000 -0.5000 1.5000
13.4000 -0.5000 2.0000
13.4000 -0.5000 2.5000
13.4000 -0.5000 3.0000
13.6000 -1.0000 0.0000
13.6000 -1.0000 0.5000
13.6000 -1.0000 1.0000
13.6000 -1.0000 1.5000
13.6000 -1.0000 2.0000
13.6000 -1.0000 2.5000
13.6000 -1.0000 3.0000
13.6000 -0.5000 0.0000
13.6000 -0.5000 0.5000
13.6000 -0.5000 1.0000
13.6000 -0.5000 1.5000
13.6000 -0.5000 2.0000
13.6000 -0.5000 2.5000
13.6000 -0.5000 3.0000
13.8000 -1.0000 0.0000
13.8000 -1.0000 0.5000
13.8000 -1.0000 1.0000
13.8000 -1.0000 1.5000
13.8000 -1.0000 2.0000
13.8000 -1.0000 2.5000
13.8000 -1.0000 3.0000
13.8000 -0.5000 0.0000
13.8000 -0.5000 0.5000
13.8000 -0.5000 1.0000
13.8000 -0.5000 1.5000
13.8000 -0.5000 2.0000
13.8000 -0.5000 2.5000
13.8000 -0.5000 3.0000
14.0000 -1.0000 0.0000
14.0000 -1.0000 0.5000
14.0000 -1.0000 1.0000
14.0000 -1.0000 1.5000
14.0000 -1.0000 2.0000
14.0000 -1.0000 2.5000
14.0000 -1.0000 3.0000
14.0000 -0.5000 0.0000
14.0000 -0.5000 0.5000
14.0000 -0.5000 1.0000
14.0000 -0.5000 1.5000
14.0000 -0.5000 2.0000
14.0000 -0.5000 2.5000
14.0000 -0.5000 3.0000
14.2000 -1.0000 0.0000
14.2000 -1.0000 0.5000
14.2000 -1.0000 1.0000
14.2000 -1.0000 1.5000
14.2000 -1.0000 2.0000
14.2000 -1.0000 2.5000
14.2000 -1.0000 3.0000
14.2000 -0.5000 0.0000
14.2000 -0.5000 0.5000
14.2000 -0.5000 1.0000
14.2000 -0.5000 1.5000
14.2000 -0.5000 2.0000
14.2000 -0.5000 2.5000
14.2000 -0.5000 3.0000
14.4000 -1.0000 0.0000
14.4000 -1.0000 0.5000
14.4000 -1.0000 1.0000
14.4000 -1.0000 1.5000
14.4000 -1.0000 2.0000
14.4000 -1.0000 2.5000
14.4000 -1.0000 3.0000
14.4000 -0.5000 0.0000
14.4000 -0.5000 0.5000
14.4000 -0.5000 1.0000
14.4000 -0.5000 1.5000
14.4000 -0.5000 2.0000
14.4000 -0.5000 2.5000
14.4000 -0.5000 3.0000
14.6000 -1.0000 0.0000
14.6000 -1.0000 0.5000
14.6000 -1.0000 1.0000
14.6000 -1.0000 1.5000
14.6000 -1.0000 2.0000
14.6000 -1.0000 2.5000
14.6000 -1.0000 3.0000
14.6000 -0.5000 0.0000
14.6000 -0.5000 0.5000
14.6000 -0.5000 1.0000
14.6000 -0.5000 1.5000
14.6000 -0.5000 2.0000
14.6000 -0.5000 2.5000
14.6000 -0.5000 3.0000
14.8000 -1.0000 0.0000
14.8000 -1.0000 0.5000
14.8000 -1.0000 1.0000
14.8000 -1.0000 1.5000
14.8000 -1.0000 2.0000
14.8000 -1.0000 2.5000
14.8000 -1.0000 3.0000
14.8000 -0.5000 0.0000
14.8000 -0.5000 0.5000
14.8000 -0.5000 1.0000
14.8000 -0.5000 1.5000
14.8000 -0.5000 2.0000
14.8000 -0.5000 2.5000
14.8000 -0.5000 3.0000
15.0000 -1.0000 0.0000
15.0000 -1.0000 0.5000
15.0000 -1.0000 1.0000
15.0000 -1.0000 1.5000
15.0000 -1.0000 2.0000
15.0000 -1.0000 2.5000
15.0000 -1.0000 3.0000
15.0000 -0.5000 0.0000
15.0000 -0.5000 0.5000
15.0000 -0.5000 1.0000
15.0000 -0.5000 1.5000
15.0000 -0.5000 2.0000
15.0000 -0.5000 2.5000
15.0000 -0.5000 3.0000
15.2000 -1.0000 0.0000
15.2000 -1.0000 0.5000
15.2000 -1.0000 1.0000
15.2000 -1.0000 1.5000
15.2000 -1.0000 2.0000
15.2000 -1.0000 2.5000
15.2000 -1.0000 3.0000
15.2000 -0.5000 0.0000
15.2000 -0.5000 0.5000
15.2000 -0.5000 1.0000
15.2000 -0.5000 1.5000
15.2000 -0.5000 2.0000
15.2000 -0.5000 2.5000
15.2000 -0.5000 3.0000
15.4000 -1.0000 0.0000
15.4000 -1.0000 0.5000
15.4000 -1.0000 1.0000
15.4000 -1.0000 1.5000
15.4000 -1.0000 2.0000
15.4000 -1.0000 2.5000
15.4000 -1.0000 3.0000
15.4000 -0.5000 0.0000
15.4000 -0.5000 0.5000
15.4000 -0.5000 1.0000
15.4000 -0.5000 1.5000
15.4000 -0.5000 2.0000
15.4000 -0.5000 2.5000
15.4000 -0.5000 3.0000
15.6000 -1.0000 0.0000
15.6000 -1.0000 0.5000
15.6000 -1.0000 1.0000
15.6000 -1.0000 1.5000
15.6000 -1.0000 2.0000
15.6000 -1.0000 2.5000
15.6000 -1.0000 3.0000
15.6000 -0.5000 0.0000
15.6000 -0.5000 0.5000
15.6000 -0.5000 1.0000
15.6000 -0.5000 1.5000
15.6000 -0.5000 2.0000
15.6000 -0.5000 2.5000
15.6000 -0.5000 3.0000
15.8000 -1.0000 0.0000
15.8000 -1.0000 0.5000
15.8000 -1.0000 1.0000
15.8000 -1.0000 1.5000
15.8000 -1.0000 2.0000
15.8000 -1.0000 2.5000
15.8000 -1.0000 3.0000
15.8000 -0.5000 0.0000
15.8000 -0.5000 0.5000
15.8000 -0.5000 1.0000
15.8000 -0.5000 1.5000
15.8000 -0.5000 2.0000
15.8000 -0.5000 2.5000
15.8000 -0.5000 3.0000
16.0000 -1.0000 0.0000
16.0000 -1.0000 0.5000
16.0000 -1.0000 1.0000
16.0000 -1.0000 1.5000
16.0000 -1.0000 2.0000
16.0000 -1.0000 2.5000
16.0000 -1.0000 3.0000
16.0000 -0.5000 0.0000
16.0000 -0.5000 0.5000
16.0000 -0.5000 1.0000
16.0000 -0.5000 1.5000
16.0000 -0.5000 2.0000
16.0000 -0.5000 2.5000
16.0000 -0.5000 3.0000
16.2000 -1.0000 0.0000
16.2000 -1.0000 0.5000
16.2000 -1.0000 1.0000
16.2000 -1.0000 1.5000
16.2000 -1.0000 2.0000
16.2000 -1.0000 2.5000
16.2000 -1.0000 3.0000
16.2000 -0.5000 0.0000
16.2000 -0.5000 0.5000
16.2000 -0.5000 1.0000
16.2000 -0.5000 1.5000
16.2000 -0.5000 2.0000
16.2000 -0.5000 2.5000
16.2000 -0.5000 3.0000
16.4000 -1.0000 0.0000
16.4000 -1.0000 0.5000
16.4000 -1.0000 1.0000
16.4000 -1.0000 1.5000
16.4000 -1.0000 2.0000
16.4000 -1.0000 2.5000
16.4000 -1.0000 3.0000
16.4000 -0.5000 0.0000
16.4000 -0.5000 0.5000
16.4000 -0.5000 1.0000
16.4000 -0.5000 1.5000
16.4000 -0.5000 2.0000
16.4000 -0.5000 2.5000
16.4000 -0.5000 3.0000
16.6000 -1.0000 0.0000
16.6000 -1.0000 0.5000
16.6000 -1.0000 1.0000
16.6000 -1.0000 1.5000
16.6000 -1.0000 2.0000
16.6000 -1.0000 2.5000
16.6000 -1.0000 3.0000
16.6000 -0.5000 0.0000
16.6000 -0.5000 0.5000
16.6000 -0.5000 1.0000
16.6000 -0.5000 1.5000
16.6000 -0.5000 2.0000
16.6000 -0.5000 2.5000
16.6000 -0.5000 3.0000
16.8000 -1.0000 0.0000
16.8000 -1.0000 0.5000
16.8000 -1.0000 1.0000
16.8000 -1.0000 1.5000
16.8000 -1.0000 2.0000
16.8000 -1.0000 2.5000
16.8000 -1.0000 3.0000
16.8000 -0.5000 0.0000
16.8000 -0.5000 0.5000
16.8000 -0.5000 1.0000
16.8000 -0.5000 1.5000
16.8000 -0.5000 2.0000
16.8000 -0.5000 2.5000
16.8000 -0.5000 3.0000
17.0000 -1.0000 0.0000
17.0000 -1.0000 0.5000
17.0000 -1.0000 1.0000
17.0000 -1.0000 1.5000
17.0000 -1.0000 2.0000
17.0000 -1.0000 2.5000
17.0000 -1.0000 3.0000
17.0000 -0.5000 0.0000
17.0000 -0.5000 0.5000
17.0000 -0.5000 1.0000
17.0000 -0.5000 1.5000
17.0000 -0.5000 2.0000
17.0000 -0.5000 2.5000
17.0000 -0.5000 3.0000
17.2000 -1.0000 0.0000
17.2000 -1.0000 0.5000
17.2000 -1.0000 1.0000
17.2000 -1.0000 1.5000
17.2000 -1.0000 2.0000
17.2000 -1.0000 2.5000
17.2000 -1.0000 3.0000
17.2000 -0.5000 0.0000
17.2000 -0.5000 0.5000
17.2000 -0.5000 1.0000
17.2000 -0.5000 1.5000
17.2000 -0.5000 2.0000
17.2000 -0.5000 2.5000
17.2000 -0.5000 3.0000
17.4000 -1.0000 0.0000
17.4000 -1.0000 0.5000
17.4000 -1.0000 1.0000
17.4000 -1.0000 1.5000
17.4000 -1.0000 2.0000
17.4000 -1.0000 2.5000
17.4000 -1.0000 3.0000
17.4000 -0.5000 0.0000
17.4000 -0.5000 0.5000
17.4000 -0.5000 1.0000
17.4000 -0.5000 1.5000
17.4000 -0.5000 2.0000
17.4000 -0.5000 2.5000
17.4000 -0.5000 3.0000
17.6000 -1.0000 0.0000
17.6000 -1.0000 0.5000
17.6000 -1.0000 1.0000
17.6000 -1.0000 1.5000
17.6000 -1.0000 2.0000
17.6000 -1.0000 2.5000
17.6000 -1.0000 3.0000
17.6000 -0.5000 0.0000
17.6000 -0.5000 0.5000
17.6000 -0.5000 1.0000
17.6000 -0.5000 1.5000
17.6000 -0.5000 2.0000
17.6000 -0.5000 2.5000
17.6000 -0.5000 3.0000
17.8000 -1.0000 0.0000
17.8000 -1.0000 0.5000
17.8000 -1.0000 1.0000
17.8000 -1.0000 1.5000
17.8000 -1.0000 2.0000
17.8000 -1.0000 2.5000
17.8000 -1.0000 3.0000
17.8000 -0.5000 0.0000
17.8000 -0.5000 0.5000
17.8000 -0.5000 1.0000
17.8000 -0.5000 1.5000
17.8000 -0.5000 2.0000
17.8000 -0.5000 2.5000
17.8000 -0.5000 3.0000
18.0000 -1.0000 0.0000
18.0000 -1.0000 0.5000
18.0000 -1.0000 1.0000
18.0000 -1.0000 1.5000
18.0000 -1.0000 2.0000
18.0000 -1.0000 2.5000
18.0000 -1.0000 3.0000
18.0000 -0.5000 0.0000
18.0000 -0.5000 0.5000
18.0000 -0.5000 1.0000
18.0000 -0.5000 1.5000
18.0000 -0.5000 2.0000
18.0000 -0.5000 2.5000
18.0000 -0.5000 3.0000
18.2000 -1.0000 0.0000
18.2000 -1.0000 0.5000
18.2000 -1.0000 1.0000
18.2000 -1.0000 1.5000
18.2000 -1.0000 2.0000
18.2000 -1.0000 2.5000
18.2000 -1.0000 3.0000
18.2000 -0.5000 0.0000
18.2000 -0.5000 0.5000
18.2000 -0.5000 1.0000
18.2000 -0.5000 1.5000
18.2000 -0.5000 2.0000
18.2000 -0.5000 2.5000
18.2000 -0.5000 3.0000
18.4000 -1.0000 0.0000
18.4000 -1.0000 0.5000
18.4000 -1.0000 1.0000
18.4000 -1.0000 1.5000
18.4000 -1.0000 2.0000
18.4000 -1.0000 2.5000
18.4000 -1.0000 3.0000
18.4000 -0.5000 0.0000
18.4000 -0.5000 0.5000
18.4000 -0.5000 1.0000
18.4000 -0.5000 1.5000
18.4000 -0.5000 2.0000
18.4000 -0.5000 2.5000
18.4000 -0.5000 3.0000
18.6000 -1.0000 0.0000
18.6000 -1.0000 0.5000
18.6000 -1.0000 1.0000
18.6000 -1.0000 1.5000
18.6000 -1.0000 2.0000
18.6000 -1.0000 2.5000
18.6000 -1.0000 3.0000
18.6000 -0.5000 0.0000
18.6000 -0.5000 0.5000
18.6000 -0.5000 1.0000
18.6000 -0.5000 1.5000
18.6000 -0.5000 2.0000
18.6000 -0.5000 2.5000
18.6000 -0.5000 3.0000
18.8000 -1.0000 0.0000
18.8000 -1.0000 0.5000
18.8000 -1.0000 1.0000
18.8000 -1.0000 1.5000
18.8000 -1.0000 2.0000
18.8000 -1.0000 2.5000
18.8000 -1.0000 3.0000
18.8000 -0.5000 0.0000
18.8000 -0.5000 0.5000
18.8000 -0.5000 1.0000
18.8000 -0.5000 1.5000
18.8000 -0.5000 2.0000
18.8000 -0.5000 2.5000
18.8000 -0.5000 3.0000
19.0000 -1.0000 0.0000
19.0000 -1.0000 0.5000
19.0000 -1.0000 1.0000
19.0000 -1.0000 1.5000
19.0000 -1.0000 2.0000
19.0000 -1.0000 2.5000
19.0000 -1.0000 3.0000
19.0000 -0.5000 0.0000
19.0000 -0.5000 0.5000
19.0000 -0.5000 1.0000
19.0000 -0.5000 1.5000
19.0000 -0.5000 2.0000
19.0000 -0.5000 2.5000
19.0000 -0.5000 3.0000
19.2000 -1.0000 0.0000
19.2000 -1.0000 0.5000
19.2000 -1.0000 1.0000
19.2000 -1.0000 1.5000
19.2000 -1.0000 2.0000
19.2000 -1.0000 2.5000
19.2000 -1.0000 3.0000
19.2000 -0.5000 0.0000
19.2000 -0.5000 0.5000
19.2000 -0.5000 1.0000
19.2000 -0.5000 1.5000
19.2000 -0.5000 2.0000
19.2000 -0.5000 2.5000
19.2000 -0.5000 3.0000
19.4000 -1.0000 0.0000
19.4000 -1.0000 0.5000
19.4000 -1.0000 1.0000
19.4000 -1.0000 1.5000
19.4000 -1.0000 2.0000
19.4000 -1.0000 2.5000
19.4000 -1.0000 3.0000
19.4000 -0.5000 0.0000
19.4000 -0.5000 0.5000
19.4000 -0.5000 1.0000
19.4000 -0.5000 1.5000
19.4000 -0.5000 2.0000
19.4000 -0.5000 2.5000
19.4000 -0.5000 3.0000
19.6000 -1.0000 0.0000
19.6000 -1.0000 0.5000
19.6000 -1.0000 1.0000
19.6000 -1.0000 1.5000
19.6000 -1.0000 2.0000
19.6000 -1.0000 2.5000
19.6000 -1.0000 3.0000
19.6000 -0.5000 0.0000
19.6000 -0.5000 0.5000
19.6000 -0.5000 1.0000
19.6000 -0.5000 1.5000
19.6000 -0.5000 2.0000
19.6000 -0.5000 2.5000
19.6000 -0.5000 3.0000
19.8000 -1.0000 0.0000
19.8000 -1.0000 0.5000
19.8000 -1.0000 1.0000
19.8000 -1.0000 1.5000
19.8000 -1.0000 2.0000
19.8000 -1.0000 2.5000
19.8000 -1.0000 3.0000
19.8000 -0.5000 0.0000
19.8000 -0.5000 0.5000
19.8000 -0.5000 1.0000
19.8000 -0.5000 1.5000
19.8000 -0.5000 2.0000
19.8000 -0.5000 2.5000
19.8000 -0.5000 3.0000
20.0000 -1.0000 0.0000
20.0000 -1.0000 0.5000
20.0000 -1.0000 1.0000
20.0000 -1.0000 1.5000
20.0000 -1.0000 2.0000
20.0000 -1.0000 2.5000
20.0000 -1.0000 3.0000
20.0000 -0.5000 0.0000
20.0000 -0.5000 0.5000
20.0000 -0.5000 1.0000
20.0000 -0.5000 1.5000
20.0000 -0.5000 2.0000
20.0000 -0.5000 2.5000
20.0000 -0.5000 3.0000
20.2000 -1.0000 0.0000
20.2000 -1.0000 0.5000
20.2000 -1.0000 1.0000
20.2000 -1.0000 1.5000
20.2000 -1.0000 2.0000
20.2000 -1.0000 2.5000
20.2000 -1.0000 3.0000
20.2000 -0.5000 0.0000
20.2000 -0.5000 0.5000
20.2000 -0.5000 1.0000
20.2000 -0.5000 1.5000
20.2000 -0.5000 2.0000
20.2000 -0.5000 2.5000
20.2000 -0.5000 3.0000
20.4000 -1.0000 0.0000
20.4000 -1.0000 0.5000
20.4000 -1.0000 1.0000
20.4000 -1.0000 1.5000
20.4000 -1.0000 2.0000
20.4000 -1.0000 2.5000
20.4000 -1.0000 3.0000
20.4000 -0.5000 0.0000
20.4000 -0.5000 0.5000
20.4000 -0.5000 1.0000
20.4000 -0.5000 1.5000
20.4000 -0.5000 2.0000
20.4000 -0.5000 2.5000
20.4000 -0.5000 3.0000
20.6000 -1.0000 0.0000
20.6000 -1.0000 0.5000
20.6000 -1.0000 1.0000
20.6000 -1.0000 1.5000
20.6000 -1.0000 2.0000
20.6000 -1.0000 2.5000
20.6000 -1.0000 3.0000
20.6000 -0.5000 0.0000
20.6000 -0.5000 0.5000
20.6000 -0.5000 1.0000
20.6000 -0.5000 1.5000
20.6000 -0.5000 2.0000
20.6000 -0.5000 2.5000
20.6000 -0.5000 3.0000
20.8000 -1.0000 0.0000
20.8000 -1.0000 0.5000
20.8000 -1.0000 1.0000
20.8000 -1.0000 1.5000
20.8000 -1.0000 2.0000
20.8000 -1.0000 2.5000
20.8000 -1.0000 3.0000
20.8000 -0.5000 0.0000
20.8000 -0.5000 0.5000
20.8000 -0.5000 1.0000
20.8000 -0.5000 1.5000
20.8000 -0.5000 2.0000
20.8000 -0.5000 2.5000
20.8000 -0.5000 3.0000
21.0000 -1.0000 0.0000
21.0000 -1.0000 0.5000
21.0000 -1.0000 1.0000
21.0000 -1.0000 1.5000
21.0000 -1.0000 2.0000
21.0000 -1.0000 2.5000
21.0000 -1.0000 3.0000
21.0000 -0.5000 0.0000
21.0000 -0.5000 0.5000
21.0000 -0.5000 1.0000
21.0000 -0.5000 1.5000
21.0000 -0.5000 2.0000
21.0000 -0.5000 2.5000
21.0000 -0.5000 3.0000
21.2000 -1.0000 0.0000
21.2000 -1.0000 0.5000
21.2000 -1.0000 1.0000
21.2000 -1.0000 1.5000
21.2000 -1.0000 2.0000
21.2000 -1.0000 2.5000
21.2000 -1.0000 3.0000
21.2000 -0.5000 0.0000
21.2000 -0.5000 0.5000
21.2000 -0.5000 1.0000
21.2000 -0.5000 1.5000
21.2000 -0.5000 2.0000
21.2000 -0.5000 2.5000
21.2000 -0.5000 3.0000
21.4000 -1.0000 0.0000
21.4000 -1.0000 0.5000
21.4000 -1.0000 1.0000
21.4000 -1.0000 1.5000
21.4000 -1.0000 2.0000
21.4000 -1.0000 2.5000
21.4000 -1.0000 3.0000
21.4000 -0.5000 0.0000
21.4000 -0.5000 0.5000
21.4000 -0.5000 1.0000
21.4000 -0.5000 1.5000
21.4000 -0.5000 2.0000
21.4000 -0.5000 2.5000
21.4000 -0.5000 3.0000
21.6000 -1.0000 0.0000
21.6000 -1.0000 0.5000
21.6000 -1.0000 1.0000
21.6000 -1.0000 1.5000
21.6000 -1.0000 2.0000
21.6000 -1.0000 2.5000
21.6000 -1.0000 3.0000
21.6000 -0.5000 0.0000
21.6000 -0.5000 0.5000
21.6000 -0.5000 1.0000
21.6000 -0.5000 1.5000
21.6000 -0.5000 2.0000
21.6000 -0.5000 2.5000
21.6000 -0.5000 3.0000
21.8000 -1.0000 0.0000
21.8000 -1.0000 0.5000
21.8000 -1.0000 1.0000
21.8000 -1.0000 1.5000
21.8000 -1.0000 2.0000
21.8000 -1.0000 2.5000
21.8000 -1.0000 3.0000
21.8000 -0.5000 0.0000
21.8000 -0.5000 0.5000
21.8000 -0.5000 1.0000
21.8000 -0.5000 1.5000
21.8000 -0.5000 2.0000
21.8000 -0.5000 2.5000
21.8000 -0.5000 3.0000
22.0000 -1.0000 0.0000
22.0000 -1.0000 0.5000
22.0000 -1.0000 1.0000
22.0000 -1.0000 1.5000
22.0000 -1.0000 2.0000
22.0000 -1.0000 2.5000
22.0000 -1.0000 3.0000
22.0000 -0.5000 0.0000
22.0000 -0.5000 0.5000
22.0000 -0.5000 1.0000
22.0000 -0.5000 1.5000
22.0000 -0.5000 2.0000
22.0000 -0.5000 2.5000
22.0000 -0.5000 3.0000
22.2000 -1.0000 0.0000
22.2000 -1.0000 0.5000
22.2000 -1.0000 1.0000
22.2000 -1.0000 1.5000
22.2000 -1.0000 2.0000
22.2000 -1.0000 2.5000
22.2000 -1.0000 3.0000
22.2000 -0.5000 0.0000
22.2000 -0.5000 0.5000
22.2000 -0.5000 1.0000
22.2000 -0.5000 1.5000
22.2000 -0.5000 2.0000
22.2000 -0.5000 2.5000
22.2000 -0.5000 3.0000
22.4000 -1.0000 0.0000
22.4000 -1.0000 0.5000
22.4000 -1.0000 1.0000
22.4000 -1.0000 1.5000
22.4000 -1.0000 2.0000
22.4000 -1.0000 2.5000
22.4000 -1.0000 3.0000
22.4000 -0.5000 0.0000
22.4000 -0.5000 0.5000
22.4000 -0.5000 1.0000
22.4000 -0.5000 1.5000
22.4000 -0.5000 2.0000
22.4000 -0.5000 2.5000
22.4000 -0.5000 3.0000
22.6000 -1.0000 0.0000
22.6000 -1.0000 0.5000
22.6000 -1.0000 1.0000
22.6000 -1.0000 1.5000
22.6000 -1.0000 2.0000
22.6000 -1.0000 2.5000
22.6000 -1.0000 3.0000
22.6000 -0.5000 0.0000
22.6000 -0.5000 0.5000
22.6000 -0.5000 1.0000
22.6000 -0.5000 1.5000
22.6000 -0.5000 2.0000
22.6000 -0.5000 2.5000
22.6000 -0.5000 3.0000
22.8000 -1.0000 0.0000
22.8000 -1.0000 0.5000
22.8000 -1.0000 1.0000
22.8000 -1.0000 1.5000
22.8000 -1.0000 2.0000
22.8000 -1.0000 2.5000
22.8000 -1.0000 3.0000
22.8000 -0.5000 0.0000
22.8000 -0.5000 0.5000
22.8000 -0.5000 1.0000
22.8000 -0.5000 1.5000
22.8000 -0.5000 2.0000
22.8000 -0.5000 2.5000
22.8000 -0.5000 3.0000
23.0000 -1.0000 0.0000
23.0000 -1.0000 0.5000
23.0000 -1.0000 1.0000
23.0000 -1.0000 1.5000
23.0000 -1.0000 2.0000
23.0000 -1.0000 2.5000
23.0000 -1.0000 3.0000
23.0000 -0.5000 0.0000
23.0000 -0.5000 0.5000
23.0000 -0.5000 1.0000
23.0000 -0.5000 1.5000
23.0000 -0.5000 2.0000
23.0000 -0.5000 2.5000
23.0000 -0.5000 3.0000
23.2000 -1.0000 0.0000
23.2000 -1.0000 0.5000
23.2000 -1.0000 1.0000
23.2000 -1.0000 1.5000
23.2000 -1.0000 2.0000
23.2000 -1.0000 2.5000
23.2000 -1.0000 3.0000
23.2000 -0.5000 0.0000
23.2000 -0.5000 0.5000
23.2000 -0.5000 1.0000
23.2000 -0.5000 1.5000
23.2000 -0.5000 2.0000
23.2000 -0.5000 2.5000
23.2000 -0.5000 3.0000
23.4000 -1.0000 0.0000
23.4000 -1.0000 0.5000
23.4000 -1.0000 1.0000
23.4000 -1.0000 1.5000
23.4000 -1.0000 2.0000
23.4000 -1.0000 2.5000
23.4000 -1.0000 3.0000
23.4000 -0.5000 0.0000
23.4000 -0.5000 0.5000
23.4000 -0.5000 1.0000
23.4000 -0.5000 1.5000
23.4000 -0.5000 2.0000
23.4000 -0.5000 2.5000
23.4000 -0.5000 3.0000
23.6000 -1.0000 0.0000
23.6000 -1.0000 0.5000
23.6000 -1.0000 1.0000
23.6000 -1.0000 1.5000
23.6000 -1.0000 2.0000
23.6000 -1.0000 2.5000
23.6000 -1.0000 3.0000
23.6000 -0.5000 0.0000
23.6000 -0.5000 0.5000
23.6000 -0.5000 1.0000
23.6000 -0.5000 1.5000
23.6000 -0.5000 2.0000
23.6000 -0.5000 2.5000
23.6000 -0.5000 3.0000
23.8000 -1.0000 0.0000
23.8000 -1.0000 0.5000
23.8000 -1.0000 1.0000
23.8000 -1.0000 1.5000
23.8000 -1.0000 2.0000
23.8000 -1.0000 2.5000
23.8000 -1.0000 3.0000
23.8000 -0.5000 0.0000
23.8000 -0.5000 0.5000
23.8000 -0.5000 1.0000
23.8000 -0.5000 1.5000
23.8000 -0.5000 2.0000
23.8000 -0.5000 2.5000
23.8000 -0.5000 3.0000
24.0000 -1.0000 0.0000
24.0000 -1.0000 0.5000
24.0000 -1.0000 1.0000
24.0000 -1.0000 1.5000
24.0000 -1.0000 2.0000
24.0000 -1.0000 2.5000
24.0000 -1.0000 3.0000
24.0000 -0.5000 0.0000
24.0000 -0.5000 0.5000
24.0000 -0.5000 1.0000
24.0000 -0.5000 1.5000
24.0000 -0.5000 2.0000
24.0000 -0.5000 2.5000
24.0000 -0.5000 3.0000
24.2000 -1.0000 0.0000
24.2000 -1.0000 0.5000
24.2000 -1.0000 1.0000
24.2000 -1.0000 1.5000
24.2000 -1.0000 2.0000
24.2000 -1.0000 2.5000
24.2000 -1.0000 3.0000
24.2000 -0.5000 0.0000
24.2000 -0.5000 0.5000
24.2000 -0.5000 1.0000
24.2000 -0.5000 1.5000
24.2000 -0.5000 2.0000
24.2000 -0.5000 2.5000
24.2000 -0.5000 3.0000
24.4000 -1.0000 0.0000
24.4000 -1.0000 0.5000
24.4000 -1.0000 1.0000
24.4000 -1.0000 1.5000
24.4000 -1.0000 2.0000
24.4000 -1.0000 2.5000
24.4000 -1.0000 3.0000
24.4000 -0.5000 0.0000
24.4000 -0.5000 0.5000
24.4000 -0.5000 1.0000
24.4000 -0.5000 1.5000
24.4000 -0.5000 2.0000
24.4000 -0.5000 2.5000
24.4000 -0.5000 3.0000
24.6000 -1.0000 0.0000
24.6000 -1.0000 0.5000
24.6000 -1.0000 1.0000
24.6000 -1.0000 1.5000
24.6000 -1.0000 2.0000
24.6000 -1.0000 2.5000
24.6000 -1.0000 3.0000
24.6000 -0.5000 0.0000
24.6000 -0.5000 0.5000
24.6000 -0.5000 1.0000
24.6000 -0.5000 1.5000
24.6000 -0.5000 2.0000
24.6000 -0.5000 2.5000
24.6000 -0.5000 3.0000
24.8000 -1.0000 0.0000
24.8000 -1.0000 0.5000
24.8000 -1.0000 1.0000
24.8000 -1.0000 1.5000
24.8000 -1.0000 2.0000
24.8000 -1.0000 2.5000
24.8000 -1.0000 3.0000
24.8000 -0.5000 0.0000
24.8000 -0.5000 0.5000
24.8000 -0.5000 1.0000
24.8000 -0.5000 1.5000
24.8000 -0.5000 2.0000
24.8000 -0.5000 2.5000
24.8000 -0.5000 3.0000
25.0000 -1.0000 0.0000
25.0000 -1.0000 0.5000
25.0000 -1.0000 1.0000
25.0000 -1.0000 1.5000
25.0000 -1.0000 2.0000
25.0000 -1.0000 2.5000
25.0000 -1.0000 3.0000
25.0000 -0.5000 0.0000
25.0000 -0.5000 0.5000
25.0000 -0.5000 1.0000
25.0000 -0.5000 1.5000
25.0000 -0.5000 2.0000
25.0000 -0.5000 2.5000
25.0000 -0.5000 3.0000
25.2000 -1.0000 0.0000
25.2000 -1.0000 0.5000
25.2000 -1.0000 1.0000
25.2000 -1.0000 1.5000
25.2000 -1.0000 2.0000
25.2000 -1.0000 2.5000
25.2000 -1.0000 3.0000
25.2000 -0.5000 0.0000
25.2000 -0.5000 0.5000
25.2000 -0.5000 1.0000
25.2000 -0.5000 1.5000
25.2000 -0.5000 2.0000
25.2000 -0.5000 2.5000
25.2000 -0.5000 3.0000
25.4000 -1.0000 0.0000
25.4000 -1.0000 0.5000
25.4000 -1.0000 1.0000
25.4000 -1.0000 1.5000
25.4000 -1.0000 2.0000
25.4000 -1.0000 2.5000
25.4000 -1.0000 3.0000
25.4000 -0.5000 0.0000
25.4000 -0.5000 0.5000
25.4000 -0.5000 1.0000
25.4000 -0.5000 1.5000
25.4000 -0.5000 2.0000
25.4000 -0.5000 2.5000
25.4000 -0.5000 3.0000
25.6000 -1.0000 0.0000
25.6000 -1.0000 0.5000
25.6000 -1.0000 1.0000
25.6000 -1.0000 1.5000
25.6000 -1.0000 2.0000
25.6000 -1.0000 2.5000
25.6000 -1.0000 3.0000
25.6000 -0.5000 0.0000
25.6000 -0.5000 0.5000
25.6000 -0.5000 1.0000
25.6000 -0.5000 1.5000
25.6000 -0.5000 2.0000
25.6000 -0.5000 2.5000
25.6000 -0.5000 3.0000
25.8000 -1.0000 0.0000
25.8000 -1.0000 0.5000
25.8000 -1.0000 1.0000
25.8000 -1.0000 1.5000
25.8000 -1.0000 2.0000
25.8000 -1.0000 2.5000
25.8000 -1.0000 3.0000
25.8000 -0.5000 0.0000
25.8000 -0.5000 0.5000
25.8000 -0.5000 1.0000
25.8000 -0.5000 1.5000
25.8000 -0.5000 2.0000
25.8000 -0.5000 2.5000
25.8000 -0.5000 3.0000
26.0000 -1.0000 0.0000
26.0000 -1.0000 0.5000
26.0000 -1.0000 1.0000
26.0000 -1.0000 1.5000
26.0000 -1.0000 2.0000
26.0000 -1.0000 2.5000
26.0000 -1.0000 3.0000
26.0000 -0.5000 0.0000
26.0000 -0.5000 0.5000
26.0000 -0.5000 1.0000
26.0000 -0.5000 1.5000
26.0000 -0.5000 2.0000
26.0000 -0.5000 2.5000
26.0000 -0.5000 3.0000
26.2000 -1.0000 0.0000
26.2000 -1.0000 0.5000
26.2000 -1.0000 1.0000
26.2000 -1.0000 1.5000
26.2000 -1.0000 2.0000
26.2000 -1.0000 2.5000
26.2000 -1.0000 3.0000
26.2000 -0.5000 0.0000
26.2000 -0.5000 0.5000
26.2000 -0.5000 1.0000
26.2000 -0.5000 1.5000
26.2000 -0.5000 2.0000
26.2000 -0.5000 2.5000
26.2000 -0.5000 3.0000
26.4000 -1.0000 0.0000
26.4000 -1.0000 0.5000
26.4000 -1.0000 1.0000
26.4000 -1.0000 1.5000
26.4000 -1.0000 2.0000
26.4000 -1.0000 2.5000
26.4000 -1.0000 3.0000
26.4000 -0.5000 0.0000
26.4000 -0.5000 0.5000
26.4000 -0.5000 1.0000
26.4000 -0.5000 1.5000
26.4000 -0.5000 2.0000
26.4000 -0.5000 2.5000
26.4000 -0.5000 3.0000
26.6000 -1.0000 0.0000
26.6000 -1.0000 0.5000
26.6000 -1.0000 1.0000
26.6000 -1.0000 1.5000
26.6000 -1.0000 2.0000
26.6000 -1.0000 2.5000
26.6000 -1.0000 3.0000
26.6000 -0.5000 0.0000
26.6000 -0.5000 0.5000
26.6000 -0.5000 1.0000
26.6000 -0.5000 1.5000
26.6000 -0.5000 2.0000
26.6000 -0.5000 2.5000
26.6000 -0.5000 3.0000
26.8000 -1.0000 0.0000
26.8000 -1.0000 0.5000
26.8000 -1.0000 1.0000
26.8000 -1.0000 1.5000
26.8000 -1.0000 2.0000
26.8000 -1.0000 2.5000
26.8000 -1.0000 3.0000
26.8000 -0.5000 0.0000
26.8000 -0.5000 0.5000
26.8000 -0.5000 1.0000
26.8000 -0.5000 1.5000
26.8000 -0.5000 2.0000
26.8000 -0.5000 2.5000
26.8000 -0.5000 3.0000
27.0000 -1.0000 0.0000
27.0000 -1.0000 0.5000
27.0000 -1.0000 1.0000
27.0000 -1.0000 1.5000
27.0000 -1.0000 2.0000
27.0000 -1.0000 2.5000
27.0000 -1.0000 3.0000
27.0000 -0.5000 0.0000
27.0000 -0.5000 0.5000
27.0000 -0.5000 1.0000
27.0000 -0.5000 1.5000
27.0000 -0.5000 2.0000
27.0000 -0.5000 2.5000
27.0000 -0.5000 3.0000
27.2000 -1.0000 0.0000
27.2000 -1.0000 0.5000
27.2000 -1.0000 1.0000
27.2000 -1.0000 1.5000
27.2000 -1.0000 2.0000
27.2000 -1.0000 2.5000
27.2000 -1.0000 3.0000
27.2000 -0.5000 0.0000
27.2000 -0.5000 0.5000
27.2000 -0.5000 1.0000
27.2000 -0.5000 1.5000
27.2000 -0.5000 2.0000
27.2000 -0.5000 2.5000
27.2000 -0.5000 3.0000
27.4000 -1.0000 0.0000
27.4000 -1.0000 0.5000
27.4000 -1.0000 1.0000
27.4000 -1.0000 1.5000
27.4000 -1.0000 2.0000
27.4000 -1.0000 2.5000
27.4000 -1.0000 3.0000
27.4000 -0.5000 0.0000
27.4000 -0.5000 0.5000
27.4000 -0.5000 1.0000
27.4000 -0.5000 1.5000
27.4000 -0.5000 2.0000
27.4000 -0.5000 2.5000
27.4000 -0.5000 3.0000
27.6000 -1.0000 0.0000
27.6000 -1.0000 0.5000
27.6000 -1.0000 1.0000
27.6000 -1.0000 1.5000
27.6000 -1.0000 2.0000
27.6000 -1.0000 2.5000
27.6000 -1.0000 3.0000
27.6000 -0.5000 0.0000
27.6000 -0.5000 0.5000
27.6000 -0.5000 1.0000
27.6000 -0.5000 1.5000
27.6000 -0.5000 2.0000
27.6000 -0.5000 2.5000
27.6000 -0.5000 3.0000
27.8000 -1.0000 0.0000
27.8000 -1.0000 0.5000
27.8000 -1.0000 1.0000
27.8000 -1.0000 1.5000
27.8000 -1.0000 2.0000
27.8000 -1.0000 2.5000
27.8000 -1.0000 3.0000
27.8000 -0.5000 0.0000
27.8000 -0.5000 0.5000
27.8000 -0.5000 1.0000
27.8000 -0.5000 1.5000
27.8000 -0.5000 2.0000
27.8000 -0.5000 2.5000
27.8000 -0.5000 3.0000
28.0000 -1.0000 0.0000
28.0000 -1.0000 0.5000
28.0000 -1.0000 1.0000
28.0000 -1.0000 1.5000
28.0000 -1.0000 2.0000
28.0000 -1.0000 2.5000
28.0000 -1.0000 3.0000
28.0000 -0.5000 0.0000
28.0000 -0.5000 0.5000
28.0000 -0.5000 1.0000
28.0000 -0.5000 1.5000
28.0000 -0.5000 2.0000
28.0000 -0.5000 2.5000
28.0000 -0.5000 3.0000
